ID,Ciudad,Estado,C.P,Dirección
"Oficinas Centrales - Insurgentes Sur No. 2416, Planta Baja, Ala Poniente.",CDMX,CDMX,"04340,","Insurgentes Sur No. 2416, Planta Baja, Ala Poniente, Col. Copilco El Bajo, Alc. Coyoacán, C.P. 04340, CDMX."
"Oficinas Centrales - Insurgentes Sur No. 2416, Planta Baja, Ala Sur.",CDMX,CDMX,"04340,","Insurgentes Sur No. 2416, Planta Baja, Ala Sur, Col. Copilco El Bajo, Alc. Coyoacán, C.P. 04340, CDMX."
"Oficinas Centrales - Insurgentes Sur No. 2416, Piso 1, Ala Poniente.",CDMX,CDMX,"04340,","Insurgentes Sur No. 2416, Piso 1, Ala Poniente, Col. Copilco El Bajo, Alc. Coyoacán, C.P. 04340, CDMX."
"Oficinas Centrales - Insurgentes Sur No. 2416, Piso 1, Ala Sur.",CDMX,CDMX,"04340,","Insurgentes Sur No. 2416, Piso 1, Ala Sur, Col. Copilco El Bajo, Alc. Coyoacán, C.P. 04340, CDMX."
"Oficinas Centrales - Insurgentes Sur No. 2416, Piso 2, Ala Poniente.",CDMX,CDMX,"04340,","Insurgentes Sur No. 2416, Piso 2, Ala Poniente, Col. Copilco El Bajo, Alc. Coyoacán, C.P. 04340, CDMX."
"Oficinas Centrales - Insurgentes Sur No. 2416, Piso 2, Ala Sur.",CDMX,CDMX,"04340,","Insurgentes Sur No. 2416, Piso 2, Ala Sur, Col. Copilco El Bajo, Alc. Coyoacán, C.P. 04340, CDMX."
"Oficinas Centrales - Insurgentes Sur No. 2416, Piso 3, Ala Poniente.",CDMX,CDMX,"04340,","Insurgentes Sur No. 2416, Piso 3, Ala Poniente, Col. Copilco El Bajo, Alc. Coyoacán, C.P. 04340, CDMX."
"Oficinas Centrales - Insurgentes Sur No. 2416, Piso 3, Ala Sur.",CDMX,CDMX,"04340,","Insurgentes Sur No. 2416, Piso 3, Ala Sur, Col. Copilco El Bajo, Alc. Coyoacán, C.P. 04340, CDMX."
"Oficinas Centrales - Insurgentes Sur No. 2416, Piso 4, Ala Poniente.",CDMX,CDMX,"04340,","Insurgentes Sur No. 2416, Piso 4, Ala Poniente, Col. Copilco El Bajo, Alc. Coyoacán, C.P. 04340, CDMX."
"Oficinas Centrales - Insurgentes Sur No. 2416, Piso 4, Ala Sur.",CDMX,CDMX,"04340,","Insurgentes Sur No. 2416, Piso 4, Ala Sur, Col. Copilco El Bajo, Alc. Coyoacán, C.P. 04340, CDMX."
"Oficinas Centrales - Insurgentes Sur No. 2416, Piso 5, Ala Poniente.",CDMX,CDMX,"04340,","Insurgentes Sur No. 2416, Piso 5, Ala Poniente, Col. Copilco El Bajo, Alc. Coyoacán, C.P. 04340, CDMX."
"Oficinas Centrales - Insurgentes Sur No. 2416, Piso 5, Ala Sur.",CDMX,CDMX,"04340,","Insurgentes Sur No. 2416, Piso 5, Ala Sur, Col. Copilco El Bajo, Alc. Coyoacán, C.P. 04340, CDMX."
"Oficinas Centrales - Insurgentes Sur No. 2416, Piso 6, Ala Poniente.",CDMX,CDMX,"04340,","Insurgentes Sur No. 2416, Piso 6, Ala Poniente, Col. Copilco El Bajo, Alc. Coyoacán, C.P. 04340, CDMX."
"Oficinas Centrales - Insurgentes Sur No. 2416, Piso 6, Ala Sur.",CDMX,CDMX,"04340,","Insurgentes Sur No. 2416, Piso 6, Ala Sur, Col. Copilco El Bajo, Alc. Coyoacán, C.P. 04340, CDMX."
"Oficinas Centrales - Insurgentes Sur No. 2416, Piso 7, Ala Poniente.",CDMX,CDMX,"04340,","Insurgentes Sur No. 2416, Piso 7, Ala Poniente, Col. Copilco El Bajo, Alc. Coyoacán, C.P. 04340, CDMX."
"Oficinas Centrales - Insurgentes Sur No. 2416, Piso 7, Ala Sur.",CDMX,CDMX,"04340,","Insurgentes Sur No. 2416, Piso 7, Ala Sur, Col. Copilco El Bajo, Alc. Coyoacán, C.P. 04340, CDMX."
"Oficinas Centrales - Insurgentes Sur No. 2416, Piso 8, Ala Poniente.",CDMX,CDMX,"04340,","Insurgentes Sur No. 2416, Piso 8, Ala Poniente, Col. Copilco El Bajo, Alc. Coyoacán, C.P. 04340, CDMX."
"Oficinas Centrales - Insurgentes Sur No. 2416, Piso 8, Ala Sur.",CDMX,CDMX,"04340,","Insurgentes Sur No. 2416, Piso 8, Ala Sur, Col. Copilco El Bajo, Alc. Coyoacán, C.P. 04340, CDMX."
"Oficinas Centrales - Insurgentes Sur No. 2416, Piso 9, Ala Poniente.",CDMX,CDMX,"04340,","Insurgentes Sur No. 2416, Piso 9, Ala Poniente, Col. Copilco El Bajo, Alc. Coyoacán, C.P. 04340, CDMX."
"Oficinas Centrales - Insurgentes Sur No. 2416, Piso 9, Ala Sur.",CDMX,CDMX,"04340,","Insurgentes Sur No. 2416, Piso 9, Ala Sur, Col. Copilco El Bajo, Alc. Coyoacán, C.P. 04340, CDMX."
"Oficinas Centrales - Insurgentes Sur No. 2416, Piso 10, Ala Poniente.",CDMX,CDMX,"04340,","Insurgentes Sur No. 2416, Piso 10, Ala Poniente, Col. Copilco El Bajo, Alc. Coyoacán, C.P. 04340, CDMX."
"Oficinas Centrales - Insurgentes Sur No. 2416, Piso 10, Ala Sur.",CDMX,CDMX,"04340,","Insurgentes Sur No. 2416, Piso 10, Ala Sur, Col. Copilco El Bajo, Alc. Coyoacán, C.P. 04340, CDMX."
"Oficinas Centrales - Insurgentes Sur No. 2416, Piso 11, Ala Poniente.",CDMX,CDMX,"04340,","Insurgentes Sur No. 2416, Piso 11, Ala Poniente, Col. Copilco El Bajo, Alc. Coyoacán, C.P. 04340, CDMX."
"Oficinas Centrales - Insurgentes Sur No. 2416, Piso 11, Ala Sur.",CDMX,CDMX,"04340,","Insurgentes Sur No. 2416, Piso 11, Ala Sur, Col. Copilco El Bajo, Alc. Coyoacán, C.P. 04340, CDMX."
"Oficinas Centrales - Insurgentes Sur No. 2416, Piso 12, Ala Poniente.",CDMX,CDMX,"04340,","Insurgentes Sur No. 2416, Piso 12, Ala Poniente, Col. Copilco El Bajo, Alc. Coyoacán, C.P. 04340, CDMX."
"Oficinas Centrales - Insurgentes Sur No. 2416, Piso 12, Ala Sur.",CDMX,CDMX,"04340,","Insurgentes Sur No. 2416, Piso 12, Ala Sur, Col. Copilco El Bajo, Alc. Coyoacán, C.P. 04340, CDMX."
"Oficinas Centrales - Insurgentes Sur No. 2416, Piso 13, Ala Poniente.",CDMX,CDMX,"04340,","Insurgentes Sur No. 2416, Piso 13, Ala Poniente, Col. Copilco El Bajo, Alc. Coyoacán, C.P. 04340, CDMX."
"Oficinas Centrales - Insurgentes Sur No. 2416, Piso 13, Ala Sur.",CDMX,CDMX,"04340,","Insurgentes Sur No. 2416, Piso 13, Ala Sur, Col. Copilco El Bajo, Alc. Coyoacán, C.P. 04340, CDMX."
"Oficinas Centrales - Insurgentes Sur No. 2416, E1, Ala Poniente.",CDMX,CDMX,"04340,","Insurgentes Sur No. 2416, E1, Ala Poniente, Col. Copilco El Bajo, Alc. Coyoacán, C.P. 04340, CDMX."
"Oficinas Centrales - Insurgentes Sur No. 2416, E1, Ala Sur.",CDMX,CDMX,"04340,","Insurgentes Sur No. 2416, E1, Ala Sur, Col. Copilco El Bajo, Alc. Coyoacán, C.P. 04340, CDMX."
"Oficinas Centrales - Av. Adolfo López Mateos S/N, Vaso Regulador “El Cristo”, Tlalnepantla de Baz, Estado de México.",Tlalnepantla de Baz,Estado de México,54090,"Av. Adolfo López Mateos S/N, Vaso Regulador “El Cristo”, Tlalnepantla de Baz, Estado de México."
"Oficinas Centrales - Av. San Bernabé No. 549, Col. San Jerónimo Lídice, Alcaldía la Magdalena Contreras, C.P. 10200, CDMX.",CDMX,CDMX,10200,"Av. San Bernabé No. 549, Col. San Jerónimo Lídice, Alcaldía la Magdalena Contreras, C.P. 10200, CDMX."
"Oficinas Centrales - Calle Balderas No. 94, Col. Centro, Alcaldía Cuauhtémoc, C.P. 06040, CDMX.",CDMX,CDMX,"06040,","Calle Balderas No. 94, Col. Centro, Alcaldía Cuauhtémoc, C.P. 06040, CDMX."
"Oficinas Centrales - Centro de Visitantes del Parque Ecológico Lago de Texcoco – Kilómetro 7.5 de la Autopista Peñón – Texcoco, Estado de México.",Texcoco,Estado de México,56267,"Centro de Visitantes del Parque Ecológico Lago de Texcoco – Kilómetro 7.5 de la Autopista Peñón – Texcoco, Estado de México."
"Oficinas Centrales - Fernando Villalpando No. 110, P.B., Col. Guadalupe Inn, Alc. Álvaro Obregón, C.P. 01020. CDMX.",CDMX,CDMX,"01020,","Fernando Villalpando No. 110, P.B., Col. Guadalupe Inn, Alc. Álvaro Obregón, C.P. 01020. CDMX."
"Coordinación General del Servicio Meteorológico Nacional - Av. Observatorio 192, Col. Observatorio, Alcaldía Miguel Hidalgo, C.P. 11860, CDMX.",CDMX,CDMX,11860,"Av. Observatorio 192, Col. Observatorio, Alcaldía Miguel Hidalgo, C.P. 11860, CDMX."
"Dirección Local Aguascalientes - Av. de la Convención de 1914 Sur No. 402-B, Fraccionamiento Lindavista, C.P. 20270, Aguascalientes, Aguascalientes.",Aguascalientes,Aguascalientes,20270,"Av. de la Convención de 1914 Sur No. 402-B, Fraccionamiento Lindavista, C.P. 20270, Aguascalientes, Aguascalientes."
"Dirección Local Aguascalientes - Calle Guadalupe Delgado de Lira No. 100, Pb, Col. Progreso Norte, C.P. 20674, Pabellón de Arteaga, Aguascalientes.",Pabellón de Arteaga,Aguascalientes,20674,"Calle Guadalupe Delgado de Lira No. 100, Pb, Col. Progreso Norte, C.P. 20674, Pabellón de Arteaga, Aguascalientes."
"Dirección Local Aguascalientes - Calle Tecuexe S/N Esq. Carretera a San Luis Potosí, Pb, Fracc. Solidaridad II C.P. 20263, Aguascalientes, Aguascalientes.",Aguascalientes,Aguascalientes,20263,"Calle Tecuexe S/N Esq. Carretera a San Luis Potosí, Pb, Fracc. Solidaridad II C.P. 20263, Aguascalientes, Aguascalientes."
"Dirección Local Aguascalientes - Carretera Panamericana Km. 523, Pb, Fracc. Pilar Blanco, C.P. 20289, Aguascalientes, Aguascalientes.",Aguascalientes,Aguascalientes,20289,"Carretera Panamericana Km. 523, Pb, Fracc. Pilar Blanco, C.P. 20289, Aguascalientes, Aguascalientes."
"Dirección Local Aguascalientes - Las Arboledas ""La Cortina"" S/N, Entrada a la Cortina de la Presa ""Plutarco Elías Calles"", Pb, C.P. 20500, San José de Gracia, Aguascalientes.",San José de Gracia,Aguascalientes,20500,"Las Arboledas ""La Cortina"" S/N, Entrada a la Cortina de la Presa ""Plutarco Elías Calles"", Pb, C.P. 20500, San José de Gracia, Aguascalientes."
"Dirección Local Baja California Sur - Altos de Cerro Prieto S/No., Colonia 4 de Marzo, C.P. 23472, Cabo San Lucas, Baja California Sur.",Cabo San Lucas,Baja California Sur,23472,"Altos de Cerro Prieto S/No., Colonia 4 de Marzo, C.P. 23472, Cabo San Lucas, Baja California Sur."
"Dirección Local Baja California Sur - Av. Ayuntamiento S/N Col. Centro C.P. 23880, Ciudad Loreto, Baja California Sur.",Loreto,Baja California Sur,23880,"Av. Ayuntamiento S/N Col. Centro C.P. 23880, Ciudad Loreto, Baja California Sur."
"Dirección Local Baja California Sur - Boulevard Colosio E/ Durango y México. Col. Emiliano Zapata, C.P. 23070, La Paz, Baja California Sur.",La Paz,Baja California Sur,23070,"Boulevard Colosio E/ Durango y México. Col. Emiliano Zapata, C.P. 23070, La Paz, Baja California Sur."
"Dirección Local Baja California Sur - Calle Chiapas 2535 Entre Encinas y Legaspy, Col. los Olivos, C.P. 23040, La Paz, Baja California Sur.",La Paz,Baja California Sur,23040,"Calle Chiapas 2535 Entre Encinas y Legaspy, Col. los Olivos, C.P. 23040, La Paz, Baja California Sur."
"Dirección Local Baja California Sur - Carretera a Bahía Tortugas Km. 8.0, Ejido Loma Bonita, C.P. 23935, Localidad Gustavo Díaz Ordaz, Municipio Mulegé, Baja California Sur.",Mulegé,Baja California Sur,23935,"Carretera a Bahía Tortugas Km. 8.0, Ejido Loma Bonita, C.P. 23935, Localidad Gustavo Díaz Ordaz, Municipio Mulegé, Baja California Sur."
"Dirección Local Baja California Sur - Domicilio Conocido S/N, Col. Bella Vista, C.P. 23920, Ciudad Santa Rosalía, Municipio Mulegé, Baja California Sur.",Mulegé,Baja California Sur,23920,"Domicilio Conocido S/N, Col. Bella Vista, C.P. 23920, Ciudad Santa Rosalía, Municipio Mulegé, Baja California Sur."
"Dirección Local Baja California Sur - Km. 208 Carretera Al Sur, Pozos Navojoa Sección 1 C.P. 23739, Ciudad Constitución, Baja California Sur.",Ciudad Constitución,Baja California Sur,23739,"Km. 208 Carretera Al Sur, Pozos Navojoa Sección 1 C.P. 23739, Ciudad Constitución, Baja California Sur."
"Dirección Local Baja California Sur - México Esq. Con Bulevar Colosio Col. Emiliano Zapata, C.P. 23070, La Paz, Baja California Sur.",La Paz,Baja California Sur,23070,"México Esq. Con Bulevar Colosio Col. Emiliano Zapata, C.P. 23070, La Paz, Baja California Sur."
"Dirección Local Baja California Sur - Miguel Hidalgo E/ Boulevard Olachea y Lerdo de Tejada, Col. Centro C.P. 23600, Municipio Comondú, Ciudad Constitución, Baja California Sur.",Ciudad Constitución,Baja California Sur,23600,"Miguel Hidalgo E/ Boulevard Olachea y Lerdo de Tejada, Col. Centro C.P. 23600, Municipio Comondú, Ciudad Constitución, Baja California Sur."
"Dirección Local Campeche - Av. Concordia S/N Interior de la Zona Naval; Col. Carmelo, C.P. 24075, San Francisco de Campeche, Campeche.",San Francisco de Campeche,Campeche,24075,"Av. Concordia S/N Interior de la Zona Naval; Col. Carmelo, C.P. 24075, San Francisco de Campeche, Campeche."
"Dirección Local Campeche - Av. Pedro Sainz de Baranda S/N; Anexo C; Col. Ah-Kim-Pech; C.P. 24014, San Francisco de Campeche, Campeche.",San Francisco de Campeche,Campeche,24014,"Av. Pedro Sainz de Baranda S/N; Anexo C; Col. Ah-Kim-Pech; C.P. 24014, San Francisco de Campeche, Campeche."
"Dirección Local Campeche - Calle Corregidora Con Aldama, Col Banco de Piedra, C.P. 24300, Sabancuy, Ciudad del Carmen, Campeche.",Sabancuy Ciudad del Carmen,Campeche,24300,"Calle Corregidora Con Aldama, Col Banco de Piedra, C.P. 24300, Sabancuy, Ciudad del Carmen, Campeche."
"Dirección Local Campeche - Calle Zapateros Lote No. 6; Corredor Parque Industrial Siglo Si; Col. Multunchac; C.P. 24095, San Francisco de Campeche; Campeche.",San Francisco de Campeche,Campeche,24095,"Calle Zapateros Lote No. 6; Corredor Parque Industrial Siglo Si; Col. Multunchac; C.P. 24095, San Francisco de Campeche; Campeche."
"Dirección Local Chihuahua - Av. del Árbol No. 7, Col. Benito Juárez, C.P. 33800, Hidalgo del Parral, Chihuahua.",Hidalgo del Parral,Chihuahua,33800,"Av. del Árbol No. 7, Col. Benito Juárez, C.P. 33800, Hidalgo del Parral, Chihuahua."
"Dirección Local Chihuahua - Av. Juárez S/N y Calle 27, Col. El Seguro, C.P. 31890, Buenaventura, Chihuahua.",Buenaventura,Chihuahua,31890,"Av. Juárez S/N y Calle 27, Col. El Seguro, C.P. 31890, Buenaventura, Chihuahua."
"Dirección Local Chihuahua - Av. Universidad No. 3300, Col. Magisterial, C.P. 31310 Chihuahua, Chihuahua.",Chihuahua,Chihuahua,31310,"Av. Universidad No. 3300, Col. Magisterial, C.P. 31310 Chihuahua, Chihuahua."
"Dirección Local Chihuahua - Bulevar M. Gómez Morín y Manuel J. Clouthier S/N, Fracc. El Pensamiento, Col. los Virreyes, C.P. 32451, Ciudad Juárez, Chihuahua.",Ciudad Juárez,Chihuahua,32451,"Bulevar M. Gómez Morín y Manuel J. Clouthier S/N, Fracc. El Pensamiento, Col. los Virreyes, C.P. 32451, Ciudad Juárez, Chihuahua."
"Dirección Local Chihuahua - Calle del Refugio S/N, C.P. 31980, Temósachi, Chihuahua.",Temósachi,Chihuahua,31980,"Calle del Refugio S/N, C.P. 31980, Temósachi, Chihuahua."
"Dirección Local Chihuahua - Calle Independencia y Revolución S/N, Col. López Dávila, C.P. 32880, Ciudad Jiménez, Chihuahua.",Jiménez,Chihuahua,32880,"Calle Independencia y Revolución S/N, Col. López Dávila, C.P. 32880, Ciudad Jiménez, Chihuahua."
"Dirección Local Chihuahua - Calle Manuel Gutiérrez Sáenz y Ramírez S/N, Centro, C.P. 31610, Ciudad Guerrero, Chihuahua.",Ciudad Guerrero,Chihuahua,31610,"Calle Manuel Gutiérrez Sáenz y Ramírez S/N, Centro, C.P. 31610, Ciudad Guerrero, Chihuahua."
"Dirección Local Chihuahua - Calle Primera Norte y Av. Sexta No. 600-A, Col. Ciudad Delicias Centro, C.P. 33000, Ciudad Delicias, Chihuahua.",Delicias,Chihuahua,33000,"Calle Primera Norte y Av. Sexta No. 600-A, Col. Ciudad Delicias Centro, C.P. 33000, Ciudad Delicias, Chihuahua."
"Dirección Local Chihuahua - Canal Principal Altavista-Ojo Caliente Km. 000 + 300, C.P. 33601, Ciudad Camargo, Chihuahua.",Camargo,Chihuahua,33601,"Canal Principal Altavista-Ojo Caliente Km. 000 + 300, C.P. 33601, Ciudad Camargo, Chihuahua."
"Dirección Local Chihuahua - Canal Principal Módulo 1, Km. 9 + 450, Col. Cañada Ancha, C.P. 32880, Ciudad Ojinaga, Chihuahua.",Ojinaga,Chihuahua,32880,"Canal Principal Módulo 1, Km. 9 + 450, Col. Cañada Ancha, C.P. 32880, Ciudad Ojinaga, Chihuahua."
"Dirección Local Chihuahua - Carretera Chihuahua-Aldama Vía Corta No. 8901, Ejido Tabaloapa, C.P. 31680, Chihuahua, Chihuahua.",Chihuahua,Chihuahua,31680,"Carretera Chihuahua-Aldama Vía Corta No. 8901, Ejido Tabaloapa, C.P. 31680, Chihuahua, Chihuahua."
"Dirección Local Chihuahua - Carretera Sueco-Nuevo Casas Grandes S/N, Col. Centro, C.P. 31790, Flores Magón, Chihuahua.",Flores Magón,Chihuahua,31790,"Carretera Sueco-Nuevo Casas Grandes S/N, Col. Centro, C.P. 31790, Flores Magón, Chihuahua."
"Dirección Local Chihuahua - Km. 2.5 Carretera a Casas Grandes, Rancho la Riqueña, C.P. 31720, Nuevo Casas Grandes, Chihuahua.",Nuevo Casas Grandes,Chihuahua,31720,"Km. 2.5 Carretera a Casas Grandes, Rancho la Riqueña, C.P. 31720, Nuevo Casas Grandes, Chihuahua."
"Dirección Local Coahuila - Av. Insurgentes No. 407, Col. El Mirador C.P. 26070, Piedras Negras, Coahuila.",Piedras Negras,Coahuila,26070,"Av. Insurgentes No. 407, Col. El Mirador C.P. 26070, Piedras Negras, Coahuila."
"Dirección Local Coahuila - Brasil y Argentina S/N, Col. Guadalupe Ahmsa, C.P. 25750, Monclova, Coahuila.",Monclova,Coahuila,25750,"Brasil y Argentina S/N, Col. Guadalupe Ahmsa, C.P. 25750, Monclova, Coahuila."
"Dirección Local Coahuila - Capitán Leal No. 510, Col. Benito Juárez, C.P. 26215, Acuña, Coahuila.",Ciudad Acuña,Coahuila,26215,"Capitán Leal No. 510, Col. Benito Juárez, C.P. 26215, Acuña, Coahuila."
"Dirección Local Coahuila - Carretera 57 km 7.5, Col. El Sauz Saltillo, C.P. 25294, Coahuila, Coahuila.",Coahuila,Coahuila,25294,"Carretera 57 km 7.5, Col. El Sauz Saltillo, C.P. 25294, Coahuila, Coahuila."
"Dirección Local Coahuila - Carretera Zacatecas Km. 7.5, C.P. 25315, Saltillo Buena Vista, Coahuila.",Saltillo Buena Vista,Coahuila,25315,"Carretera Zacatecas Km. 7.5, C.P. 25315, Saltillo Buena Vista, Coahuila."
"Dirección Local Coahuila - Pablo Valdez Hernández No. 208, Col. Compositores Mexicanos, C.P. 26070, Piedras Negras, Coahuila.",Piedras Negras,Coahuila,26070,"Pablo Valdez Hernández No. 208, Col. Compositores Mexicanos, C.P. 26070, Piedras Negras, Coahuila."
"Dirección Local Colima - Av. Carlos de la Madrid Bejar Sn, Colonia Centro, C.P. 28000, Colima, Colima.",Colima,Colima,28000,"Av. Carlos de la Madrid Bejar Sn, Colonia Centro, C.P. 28000, Colima, Colima."
"Dirección Local Colima - Carretera Colima-Manzanillo a 1.5 Km de la Caseta de Cobro de Cuyutlán, Col. Armería, C.P. 28350, Cuyutlán, Colima.",Tecomán,Colima,28350,"Carretera Colima-Manzanillo a 1.5 Km de la Caseta de Cobro de Cuyutlán, Col. Armería, C.P. 28350, Cuyutlán, Colima."
"Dirección Local Colima - Domicilio Conocido, Presa Basilio Vadillo, Mpio. Ejutla, C.P. 48680, Ejutla, Colima",Ejutla,Colima,48680,"Domicilio Conocido, Presa Basilio Vadillo, Mpio. Ejutla, C.P. 48680, Ejutla, Colima"
"Dirección Local Colima - Domicilio Conocido, Presa Troje, Carretera Colima-Coalcamán km 29, C.P. 49870, Coalcamán, Colima.",Coalcamán,Colima,49870,"Domicilio Conocido, Presa Troje, Carretera Colima-Coalcamán km 29, C.P. 49870, Coalcamán, Colima."
"Dirección Local Colima - Fco. I. Madero S/N Esq. Calle 9, Unidad Habitacional Padre Hidalgo, C.P. 28270, Manzanillo, Colima.",Manzanillo,Colima,28270,"Fco. I. Madero S/N Esq. Calle 9, Unidad Habitacional Padre Hidalgo, C.P. 28270, Manzanillo, Colima."
"Dirección Local Durango - Av. 20 Noviembre No. 114, Col. Nueva Esperanza, C.P. 35600, Tepehuanes, Durango.",Tepehuanes,Durango,35600,"Av. 20 Noviembre No. 114, Col. Nueva Esperanza, C.P. 35600, Tepehuanes, Durango."
"Dirección Local Durango - Av. de Hierro S/N, Col. Ciudad Industrial, C.P. 34210, Durango, Durango.",Durango,Durango,34210,"Av. de Hierro S/N, Col. Ciudad Industrial, C.P. 34210, Durango, Durango."
"Dirección Local Durango - Bulevar. Francisco Villa Km 5.5, Edificio Sagarpa, Col. Ciudad Industrial, C.P. 34210, Durango, Durango.",Durango,Durango,34210,"Bulevar. Francisco Villa Km 5.5, Edificio Sagarpa, Col. Ciudad Industrial, C.P. 34210, Durango, Durango."
"Dirección Local Durango - Edificio Palacio Federal, Av. Cobalto S/N, Col. Ciudad Industrial, C.P. 34208, Durango, Durango.",Durango,Durango,34208,"Edificio Palacio Federal, Av. Cobalto S/N, Col. Ciudad Industrial, C.P. 34208, Durango, Durango."
"Dirección Local Estado de México - Av. Guerrero No. 30, Col. Centro, C.P. 54240, Jilotepec, Estado de México.",Jilotepec,Estado de México,54240,"Av. Guerrero No. 30, Col. Centro, C.P. 54240, Jilotepec, Estado de México."
"Dirección Local Estado de México - Av. Manuel Acuña No. 9, Col. Centro, C.P. 50450, Atlacomulco, Estado de México.",Atlacomulco,Estado de México,50450,"Av. Manuel Acuña No. 9, Col. Centro, C.P. 50450, Atlacomulco, Estado de México."
"Dirección Local Estado de México - Avenida Estado de México No. 2301, Oriente, Col. Llano Grande, C.P. 52148, Metepec, Estado de México.",Metepec,Estado de México,52148,"Avenida Estado de México No. 2301, Oriente, Col. Llano Grande, C.P. 52148, Metepec, Estado de México."
"Dirección Local Estado de México - Campamento El Huérfano S/N, San Francisco Cuatlixca, C.P. 55000, Tecámac, Estado de México.",Tecámac,Estado de México,55000,"Campamento El Huérfano S/N, San Francisco Cuatlixca, C.P. 55000, Tecámac, Estado de México."
"Dirección Local Estado de México - Km. 22.77 Carretera Reyes Apaxco, Barrio de San Miguel, Tequixquiac, Estado de México.",Tequixquiac,Estado de México,55650,"Km. 22.77 Carretera Reyes Apaxco, Barrio de San Miguel, Tequixquiac, Estado de México."
"Dirección Local Estado de México - Paseo Adolfo López Mateos Km. 4.5, Barrio de la Veracruz, Linda Vista, Conjunto Sagarpa, C.P. 51356, San Miguel Zinacantepec, Estado de México.",San Miguel Zinacantepec,Estado de México,51356,"Paseo Adolfo López Mateos Km. 4.5, Barrio de la Veracruz, Linda Vista, Conjunto Sagarpa, C.P. 51356, San Miguel Zinacantepec, Estado de México."
"Dirección Local Guanajuato - Calle Hacienda de Santiago #314, Colonia Primera Fracción de la Hacienda de Crespo, C.P.: 38110, Celaya, Guanajuato.",Celaya,Guanajuato,38110,"Calle Hacienda de Santiago #314, Colonia Primera Fracción de la Hacienda de Crespo, C.P.: 38110, Celaya, Guanajuato."
"Dirección Local Guanajuato - Calle Mina Norte Núm. 308, C.P. 36970, Abasolo, Guanajuato.",Abasolo,Guanajuato,36970,"Calle Mina Norte Núm. 308, C.P. 36970, Abasolo, Guanajuato."
"Dirección Local Guanajuato - Carretera Federal Libre Celaya-Salamanca Km 86+250, Salamanca, Guanajuato.",Salamanca,Guanajuato,SCP,"Carretera Federal Libre Celaya-Salamanca Km 86+250, Salamanca, Guanajuato."
"Dirección Local Guanajuato - Carretera Irapuato - Salamanca No. 5690 Ex Hacienda de Buenavista, C.P. 36542, Irapuato, Guanajuato.",Irapuato,Guanajuato,36542,"Carretera Irapuato - Salamanca No. 5690 Ex Hacienda de Buenavista, C.P. 36542, Irapuato, Guanajuato."
"Dirección Local Guanajuato - Dom. Conocido En El Km. 4.250 de la Carretera Entronque San Miguel de Allende-Celaya a la Ciudad de Guanajuato, C.P. 37898, Celaya, Guanajuato.",Celaya,Guanajuato,37898,"Dom. Conocido En El Km. 4.250 de la Carretera Entronque San Miguel de Allende-Celaya a la Ciudad de Guanajuato, C.P. 37898, Celaya, Guanajuato."
"Dirección Local Guanajuato - Dom. Conocido En Instalaciones de la Presa Solís, Km. 7 de la Carretera Acámbaro-Jerécuaro, C.P. 38750, Acámbaro, Guanajuato.",Acámbaro,Guanajuato,38750,"Dom. Conocido En Instalaciones de la Presa Solís, Km. 7 de la Carretera Acámbaro-Jerécuaro, C.P. 38750, Acámbaro, Guanajuato."
"Dirección Local Guanajuato - Domicilio Conocido Al Noroeste de las Comunidades del ""Zangarro"" y Al Noreste de ""San José de Llanos"", San José de Llanos, Guanajuato.",San José de Llanos,Guanajuato,SCP,"Domicilio Conocido Al Noroeste de las Comunidades del ""Zangarro"" y Al Noreste de ""San José de Llanos"", San José de Llanos, Guanajuato."
"Dirección Local Guanajuato - Plaza Hidalgo No. 1-A, Edif. Copieg, Col. Centro, C.P. 36000, Guanajuato, Guanajuato.",Guanajuato,Guanajuato,36000,"Plaza Hidalgo No. 1-A, Edif. Copieg, Col. Centro, C.P. 36000, Guanajuato, Guanajuato."
"Dirección Local Guerrero - Aeropuerto de Chilpancingo. Autopista del Sol Km. 218, a Un Costado del Hangar, C.P. 39016, Chilpancingo, Guerrero.",Chilpancingo,Guerrero,39016,"Aeropuerto de Chilpancingo. Autopista del Sol Km. 218, a Un Costado del Hangar, C.P. 39016, Chilpancingo, Guerrero."
"Dirección Local Guerrero - Aeropuerto Internacional de Acapulco, Juan N. Álvarez, C.P. 39931, Acapulco, Guerrero.",Acapulco,Guerrero,39931,"Aeropuerto Internacional de Acapulco, Juan N. Álvarez, C.P. 39931, Acapulco, Guerrero."
"Dirección Local Guerrero - Av. Rey Irepán No. 11001, Oriente, Col. Vicente Guerrero, C.P. 40662, Altamirano, Guerrero.",Altamirano,Guerrero,40662,"Av. Rey Irepán No. 11001, Oriente, Col. Vicente Guerrero, C.P. 40662, Altamirano, Guerrero."
"Dirección Local Guerrero - Av. Ruffo Figueroa No. 2, Col Burócratas. C.P. 39090. Chilpancingo, Guerrero.",Chilpancingo,Guerrero,39090,"Av. Ruffo Figueroa No. 2, Col Burócratas. C.P. 39090. Chilpancingo, Guerrero."
"Dirección Local Guerrero - Av. Sur No.1 Col. Insurgentes, C.P. 40030, Iguala de la Independencia, Guerrero.",Iguala de la Independencia,Guerrero,40030,"Av. Sur No.1 Col. Insurgentes, C.P. 40030, Iguala de la Independencia, Guerrero."
"Dirección Local Guerrero - Boulevard Vicente Guerrero Km. 270.5 (Autopista México-Acapulco) Col. Universal C.P. 39080, Chilpancingo, Guerrero.",Chilpancingo,Guerrero,39080,"Boulevard Vicente Guerrero Km. 270.5 (Autopista México-Acapulco) Col. Universal C.P. 39080, Chilpancingo, Guerrero."
"Dirección Local Guerrero - Carretera Acapulco-Pinotepa Nacional Km. 202, Col. Centro, C.P. 41940, Cuajinicuilapa, Guerrero.",Cuajinicuilapa,Guerrero,41940,"Carretera Acapulco-Pinotepa Nacional Km. 202, Col. Centro, C.P. 41940, Cuajinicuilapa, Guerrero."
"Dirección Local Guerrero - Carretera Nacional las Vigas Pinotepa S/N, Campamento Cna, C.P. 39990, Domicilio Conocido las Vigas, Municipio de San Marcos, Guerrero.",Municipio de San Marcos,Guerrero,39990,"Carretera Nacional las Vigas Pinotepa S/N, Campamento Cna, C.P. 39990, Domicilio Conocido las Vigas, Municipio de San Marcos, Guerrero."
"Dirección Local Guerrero - Palacio Federal Av. Costera Miguel Alemán 315, Centro, C.P. 39300, Acapulco de Juárez, Guerrero.",Acapulco,Guerrero,39300,"Palacio Federal Av. Costera Miguel Alemán 315, Centro, C.P. 39300, Acapulco de Juárez, Guerrero."
"Dirección Local Guerrero - Prolongación Insurgentes S/N, Col. Silvestre G. Mariscal, C.P. 40930, Atoyac de Álvarez, Guerrero.",Atoyac de Álvarez,Guerrero,40930,"Prolongación Insurgentes S/N, Col. Silvestre G. Mariscal, C.P. 40930, Atoyac de Álvarez, Guerrero."
"Dirección Local Hidalgo - Avenida 16 de Septiembre y Tecali S/N, Colonia Guadalupe Cuarta Sección, C.P. 43650, Tulancingo de Bravo, Hidalgo.",Tulancingo de Bravo,Hidalgo,43650,"Avenida 16 de Septiembre y Tecali S/N, Colonia Guadalupe Cuarta Sección, C.P. 43650, Tulancingo de Bravo, Hidalgo."
"Dirección Local Hidalgo - Calle Arboledas S/N, Esquina Cerrada La Paz, Colonia Zona Industrial, C.P. 42092, Pachuca de Soto, Hidalgo.",Pachuca de Soto,Hidalgo,42092,"Calle Arboledas S/N, Esquina Cerrada La Paz, Colonia Zona Industrial, C.P. 42092, Pachuca de Soto, Hidalgo."
"Dirección Local Hidalgo - Camino Real de la Plata No. 429, Lote 75, Manzana 2, Fraccionamiento Zona Plateada, C.P. 42084, Pachuca de Soto, Hidalgo.",Pachuca de Soto,Hidalgo,42084,"Camino Real de la Plata No. 429, Lote 75, Manzana 2, Fraccionamiento Zona Plateada, C.P. 42084, Pachuca de Soto, Hidalgo."
"Dirección Local Hidalgo - Carretera Huejutla-Chalahuiyapan Km 3.5, Col. Corral Blanco, C.P. 43000, Huejutla, Hidalgo.",Huejutla,Hidalgo,43000,"Carretera Huejutla-Chalahuiyapan Km 3.5, Col. Corral Blanco, C.P. 43000, Huejutla, Hidalgo."
"Dirección Local Hidalgo - Carretera Tulancingo-Cuautepec Km 7.5, Colonia Tepantitla, C.P. 43740, Cuautepec, Hidalgo.",Cuautepec,Hidalgo,43740,"Carretera Tulancingo-Cuautepec Km 7.5, Colonia Tepantitla, C.P. 43740, Cuautepec, Hidalgo."
"Dirección Local Hidalgo - Felipe Ángeles No. 9, Colonia Centro, C.P. 42300, Ixmiquilpan, Hidalgo.",Ixmiquilpan,Hidalgo,42300,"Felipe Ángeles No. 9, Colonia Centro, C.P. 42300, Ixmiquilpan, Hidalgo."
"Dirección Local Hidalgo - Juárez y Reforma No. 1, Colonia Centro, C.P. 42700, Mixquiahuala, Hidalgo.",Mixquiahuala,Hidalgo,42700,"Juárez y Reforma No. 1, Colonia Centro, C.P. 42700, Mixquiahuala, Hidalgo."
"Dirección Local Hidalgo - Leona Vicario No. 1, Colonia Centro, C.P. 42700, Mixquiahuala, Hidalgo.",Mixquiahuala,Hidalgo,42700,"Leona Vicario No. 1, Colonia Centro, C.P. 42700, Mixquiahuala, Hidalgo."
"Dirección Local Hidalgo - Tlaloc No. 1, Colonia Centro, C.P. 43350, Metztitlán, Hidalgo.",Metztitlán,Hidalgo,43350,"Tlaloc No. 1, Colonia Centro, C.P. 43350, Metztitlán, Hidalgo."
"Dirección Local Hidalgo - Valle de San Javier 727, Sección 1, Fraccionamiento Valle de San Javier, C.P. 42086, Pachuca de Soto, Hidalgo.",Pachuca de Soto,Hidalgo,42086,"Valle de San Javier 727, Sección 1, Fraccionamiento Valle de San Javier, C.P. 42086, Pachuca de Soto, Hidalgo."
"Dirección Local Michoacán - Av. Acueducto No. 3626, Col. Ejidal Ocolusen, C.P. 58279, Morelia, Michoacán.",Morelia,Michoacán,58279,"Av. Acueducto No. 3626, Col. Ejidal Ocolusen, C.P. 58279, Morelia, Michoacán."
"Dirección Local Michoacán - Av. Capitán Carlos Rovirosa, No. 1565, Col. Tierra y Libertad, C.P. 58148, Morelia, Michoacán.",Morelia,Michoacán,58148,"Av. Capitán Carlos Rovirosa, No. 1565, Col. Tierra y Libertad, C.P. 58148, Morelia, Michoacán."
"Dirección Local Michoacán - Av. Circunvalación Lázaro Cárdenas S/N, Col. Campamento Obrero, C.P. 60990, Las Guacamayas, Michoacán.",Las Guacamayas,Michoacán,60990,"Av. Circunvalación Lázaro Cárdenas S/N, Col. Campamento Obrero, C.P. 60990, Las Guacamayas, Michoacán."
"Dirección Local Michoacán - Av. Francisco I. Madero, Esq. Lázaro Cárdenas, S/N, Col. Morelos C.P. 60640, Apatzingán, Michoacán.",Apatzingán,Michoacán,60640,"Av. Francisco I. Madero, Esq. Lázaro Cárdenas, S/N, Col. Morelos C.P. 60640, Apatzingán, Michoacán."
"Dirección Local Michoacán - Calle Heber Soto Fierro No. 275 Col. Lomas de Santiaguito C.P. 58120, Morelia, Michoacán.",Morelia,Michoacán,58120,"Calle Heber Soto Fierro No. 275 Col. Lomas de Santiaguito C.P. 58120, Morelia, Michoacán."
"Dirección Local Michoacán - Calle Hidalgo Sur No. 126-A Col. la Regadera, C.P. 61160, Ciudad Hidalgo, Michoacán.",Ciudad Hidalgo,Michoacán,61160,"Calle Hidalgo Sur No. 126-A Col. la Regadera, C.P. 61160, Ciudad Hidalgo, Michoacán."
"Dirección Local Michoacán - Calle Medino Rábago No. 3 Col. El Guamúchil Grande C.P. 59254, Yurécuaro, Michoacán.",Yurécuaro,Michoacán,59254,"Calle Medino Rábago No. 3 Col. El Guamúchil Grande C.P. 59254, Yurécuaro, Michoacán."
"Dirección Local Michoacán - Calle Vasco de Quiroga No. 6, Col. Centro, C.P. 61250, Maravatío, Michoacán.",Maravatío,Michoacán,61250,"Calle Vasco de Quiroga No. 6, Col. Centro, C.P. 61250, Maravatío, Michoacán."
"Dirección Local Michoacán - Calle Virrey de Mendoza No. 502 Fraccionamiento las Fuentes, Esquina Con Avenida del Árbol, C.P. 59690, Zamora, Michoacán.",Zamora,Michoacán,59690,"Calle Virrey de Mendoza No. 502 Fraccionamiento las Fuentes, Esquina Con Avenida del Árbol, C.P. 59690, Zamora, Michoacán."
"Dirección Local Michoacán - Carretera Sahuayo Venustiano Carranza No. 1400 Col. Paso de las Águilas C.P. 59000, Sahuayo, Michoacán.",Sahuayo,Michoacán,59000,"Carretera Sahuayo Venustiano Carranza No. 1400 Col. Paso de las Águilas C.P. 59000, Sahuayo, Michoacán."
"Dirección Local Michoacán - km. 3.5 Carretera Zamora-La Barca, S/N, Col. la Floresta C.P. 59690, Zamora, Michoacán.",Zamora,Michoacán,59690,"km. 3.5 Carretera Zamora-La Barca, S/N, Col. la Floresta C.P. 59690, Zamora, Michoacán."
"Dirección Local Michoacán - Km 1.5 Carretera Tepalcatepec Apatzingán, Col. Camelinas, C.P. 60540, Tepalcatepec, Michoacán.",Tepalcatepec,Michoacán,60540,"Km 1.5 Carretera Tepalcatepec Apatzingán, Col. Camelinas, C.P. 60540, Tepalcatepec, Michoacán."
"Dirección Local Michoacán - Km. 7 Carretera Antigua a Pátzcuaro, S/N, Presa Cointzio, Morelia, Michoacán.",Morelia,Michoacán,SCP,"Km. 7 Carretera Antigua a Pátzcuaro, S/N, Presa Cointzio, Morelia, Michoacán."
"Dirección Local Nayarit - Avenida Insurgentes No. 1050, Oriente, Col. José María Menchaca, C.P. 63150, Tepic, Nayarit.",Tepic,Nayarit,63150,"Avenida Insurgentes No. 1050, Oriente, Col. José María Menchaca, C.P. 63150, Tepic, Nayarit."
"Dirección Local Nayarit - Domicilio Conocido, Campamento Sarh, San Juan de Abajo, C.P. 63730, San Juan de Abajo, Nayarit",San Juan de Abajo,Nayarit,63730,"Domicilio Conocido, Campamento Sarh, San Juan de Abajo, C.P. 63730, San Juan de Abajo, Nayarit"
"Dirección Local Nayarit - Ignacio Manuel Altamirano No. 347, Planta Baja, Ala Norte, Col. Magistral, C.P. 63040, Tepic, Nayarit.",Tepic,Nayarit,63040,"Ignacio Manuel Altamirano No. 347, Planta Baja, Ala Norte, Col. Magistral, C.P. 63040, Tepic, Nayarit."
"Dirección Local Nayarit - Río Colorado No. 130, Col. los Fresnos, Planta Baja, Ala Norte C.P. 63185, Tepic, Nayarit.",Tepic,Nayarit,63185,"Río Colorado No. 130, Col. los Fresnos, Planta Baja, Ala Norte C.P. 63185, Tepic, Nayarit."
"Dirección Local Puebla - 1 Oriente Sin Número, Palacio Federal, Col. Centro, C.P. 75700, Tehuacán, Puebla.",Tehuacán,Puebla,75700,"1 Oriente Sin Número, Palacio Federal, Col. Centro, C.P. 75700, Tehuacán, Puebla."
"Dirección Local Puebla - Boulevard México 68, No. 5020, Col. México 68, C.P. 72300, Puebla, Puebla.",Puebla,Puebla,72300,"Boulevard México 68, No. 5020, Col. México 68, C.P. 72300, Puebla, Puebla."
"Dirección Local Puebla - Calle 9 Poniente S/N, Col. Barrio de San Sebastián, C.P. 75480, Tecamachalco, Puebla.",Tecamachalco,Puebla,75480,"Calle 9 Poniente S/N, Col. Barrio de San Sebastián, C.P. 75480, Tecamachalco, Puebla."
"Dirección Local Puebla - Circuito Juan Pablo Ii No.505, Col Residencial Boulevares, C.P. 72440, Puebla, Puebla.",Puebla,Puebla,72440,"Circuito Juan Pablo Ii No.505, Col Residencial Boulevares, C.P. 72440, Puebla, Puebla."
"Dirección Local Querétaro - Hacienda Santillán No. 119, Col. El Jacal, C.P. 76187, Querétaro, Querétaro.",Querétaro,Querétaro,76187,"Hacienda Santillán No. 119, Col. El Jacal, C.P. 76187, Querétaro, Querétaro."
"Dirección Local Querétaro - Av. Colinas del Cimatario S/N, C.P. 76060, Colinas del Cimatario, Querétaro.",Colinas del Cimatario,Querétaro,76060,"Av. Colinas del Cimatario S/N, C.P. 76060, Colinas del Cimatario, Querétaro."
"Dirección Local Querétaro - Av. Hidalgo No. 36, Col. Centro, C.P. 76800, San Juan del Río, Querétaro.",San Juan del Río,Querétaro,76800,"Av. Hidalgo No. 36, Col. Centro, C.P. 76800, San Juan del Río, Querétaro."
"Dirección Local Querétaro - Hacienda Santillán No. 119, Col. El Jacal, C.P. 76187, Querétaro, Querétaro.",Querétaro,Querétaro,76187,"Hacienda Santillán No. 119, Col. El Jacal, C.P. 76187, Querétaro, Querétaro."
"Dirección Local Quintana Roo - Av. Santiago Pacheco Cruz S/N, Esquina Calle 54, Colonia Javier Rojo Gómez, C.P. 77259, Felipe Carrillo Puerto, Quintana Roo.",Felipe carrillo puerto,Quintana Roo,77259,"Av. Santiago Pacheco Cruz S/N, Esquina Calle 54, Colonia Javier Rojo Gómez, C.P. 77259, Felipe Carrillo Puerto, Quintana Roo."
"Dirección Local Quintana Roo - Avenida Universidad No. 510, Esquina Benjamín Hill, Col. Nueva Reforma, C.P. 77018, Chetumal, Quintana Roo.",Chetumal,Quintana Roo,77018,"Avenida Universidad No. 510, Esquina Benjamín Hill, Col. Nueva Reforma, C.P. 77018, Chetumal, Quintana Roo."
"Dirección Local Quintana Roo - Km 16.5 de la Carretera Cancún – Chetumal, C.P.77580, Cancún, Quintana Roo.",Cancún,Quintana Roo,77580,"Km 16.5 de la Carretera Cancún – Chetumal, C.P.77580, Cancún, Quintana Roo."
"Dirección Local Quintana Roo - Km 2.5 de la Carretera Antigua a Santa Elena, Fraccionamiento la Herradura, C.P. 77050, Municipio Othón P Blanco, Chetumal, Quintana Roo.",Chetumal,Quintana Roo,77050,"Km 2.5 de la Carretera Antigua a Santa Elena, Fraccionamiento la Herradura, C.P. 77050, Municipio Othón P Blanco, Chetumal, Quintana Roo."
"Dirección Local Quintana Roo - Km. 0+000 del Boulevard Kukulkán, C.P. 77500, Cancún, Quintana Roo.",Cancún,Quintana Roo,77500,"Km. 0+000 del Boulevard Kukulkán, C.P. 77500, Cancún, Quintana Roo."
"Dirección Local San Luis Potosí - Av. Francisco I. Madero Sur No. 123, Matlapa Centro, Barrio San Agustín, C.P. 79970, Matlapa, San Luis Potosí.",Matlapa,San Luis Potosí,79970,"Av. Francisco I. Madero Sur No. 123, Matlapa Centro, Barrio San Agustín, C.P. 79970, Matlapa, San Luis Potosí."
"Dirección Local San Luis Potosí - Av. Himno Nacional No. 2032, Fraccionamiento Tangamanga, C.P. 78269, San Luis Potosí, San Luis Potosí.",San Luis Potosí,San Luis Potosí,78269,"Av. Himno Nacional No. 2032, Fraccionamiento Tangamanga, C.P. 78269, San Luis Potosí, San Luis Potosí."
"Dirección Local San Luis Potosí - Av. Sindicatos No. 100, Col. Zona Industrial, C.P. 78395, San Luis Potosí, San Luis Potosí.",San Luis Potosí,San Luis Potosí,78395,"Av. Sindicatos No. 100, Col. Zona Industrial, C.P. 78395, San Luis Potosí, San Luis Potosí."
"Dirección Local San Luis Potosí - Calle Molinos No. 1000, Col. Casablanca, C.P. 79615, Ciudad Fernández, San Luis Potosí.",Ciudad Fernández,San Luis Potosí,79615,"Calle Molinos No. 1000, Col. Casablanca, C.P. 79615, Ciudad Fernández, San Luis Potosí."
"Dirección Local San Luis Potosí - Carretera Valles-Tampico Km. 80, Col. Campamento Sarh, C.P. 79183, Ébano, San Luis Potosí.",Ébano,San Luis Potosí,79183,"Carretera Valles-Tampico Km. 80, Col. Campamento Sarh, C.P. 79183, Ébano, San Luis Potosí."
"Dirección Local San Luis Potosí - Fray Diego de la Magdalena S/N, Parque Tangamanga No. 2, Col. Industrial Aviación, C.P. 78140, San Luis Potosí, San Luis Potosí.",San Luis Potosí,San Luis Potosí,78140,"Fray Diego de la Magdalena S/N, Parque Tangamanga No. 2, Col. Industrial Aviación, C.P. 78140, San Luis Potosí, San Luis Potosí."
"Dirección Local San Luis Potosí - Progreso No. 200, Col. Rotarios, C.P. 79080, Ciudad Valles, San Luis Potosí.",Ciudad Valles,San Luis Potosí,79080,"Progreso No. 200, Col. Rotarios, C.P. 79080, Ciudad Valles, San Luis Potosí."
"Dirección Local San Luis Potosí - Prolongación Jiménez No. 603 Esquina Rayón, Col. Centro, C.P. 79610, Río Verde, San Luis Potosí.",Río verde,San Luis Potosí,79610,"Prolongación Jiménez No. 603 Esquina Rayón, Col. Centro, C.P. 79610, Río Verde, San Luis Potosí."
"Dirección Local Tabasco - Avenida Paseo Tabasco No. 907, Col. Jesús García, C.P. 86040, Villahermosa, Tabasco.",Villahermosa,Tabasco,86040,"Avenida Paseo Tabasco No. 907, Col. Jesús García, C.P. 86040, Villahermosa, Tabasco."
"Dirección Local Tabasco - Malecón Leandro Rovirosa Wade No. 1120, Col. Gaviotas Norte, C.P. 86090, Villahermosa, Tabasco.",Villahermosa,Tabasco,86090,"Malecón Leandro Rovirosa Wade No. 1120, Col. Gaviotas Norte, C.P. 86090, Villahermosa, Tabasco."
"Dirección Local Tabasco - Prolongación 27 de febrero S/N, Col. Paso y Playa Campamento de Recursos, C.P. 86500, Cárdenas, Tabasco.",Cárdenas,Tabasco,86500,"Prolongación 27 de febrero S/N, Col. Paso y Playa Campamento de Recursos, C.P. 86500, Cárdenas, Tabasco."
"Dirección Local Tlaxcala - Av. Leonarda Gómez Blanco S/N . Col Adolfo López Mateos, C.P. 90040, Tlaxcala, Tlaxcala.",Tlaxcala,Tlaxcala,90040,"Av. Leonarda Gómez Blanco S/N . Col Adolfo López Mateos, C.P. 90040, Tlaxcala, Tlaxcala."
"Dirección Local Tlaxcala - Calle 8 No. 703, Colonia la Loma Xicoténcatl, C.P. 90062, Tlaxcala, Tlaxcala.",Tlaxcala,Tlaxcala,90062,"Calle 8 No. 703, Colonia la Loma Xicoténcatl, C.P. 90062, Tlaxcala, Tlaxcala."
"Dirección Local Tlaxcala - Calle Morelos No. 44 Ocotlán, C.P. 90100, Tlaxcala, Tlaxcala.",Tlaxcala,Tlaxcala,90100,"Calle Morelos No. 44 Ocotlán, C.P. 90100, Tlaxcala, Tlaxcala."
"Dirección Local Zacatecas - Avenida Secretaría de la Defensa Nacional No. 90, Zona Industrial, C.P. 98604, Guadalupe, Zacatecas.",Guadalupe,Zacatecas,98604,"Avenida Secretaría de la Defensa Nacional No. 90, Zona Industrial, C.P. 98604, Guadalupe, Zacatecas."
"Dirección Local Zacatecas - C. Galeana No. 5, Col Centro, Rio Grande, Zacatecas, C.P. 98400, Rio Grande, Zacatecas.",Rio Grande,Zacatecas,98400,"C. Galeana No. 5, Col Centro, Rio Grande, Zacatecas, C.P. 98400, Rio Grande, Zacatecas."
"Dirección Local Zacatecas - C. Palma S/N, Cerro de la Urbaneja, C.P. 99100, Sombrerete, Zacatecas.",Sombrerete,Zacatecas,99100,"C. Palma S/N, Cerro de la Urbaneja, C.P. 99100, Sombrerete, Zacatecas."
"Dirección Local Zacatecas - C. Sánchez Román No. 26, Col Centro, C.P. 99700, Tlaltenango, Zacatecas.",Tlaltenango,Zacatecas,99700,"C. Sánchez Román No. 26, Col Centro, C.P. 99700, Tlaltenango, Zacatecas."
"Dirección Local Zacatecas - Domicilio Cerro de la Bufa, C.P. 98600, Zacatecas, Zacatecas.",Zacatecas,Zacatecas,98600,"Domicilio Cerro de la Bufa, C.P. 98600, Zacatecas, Zacatecas."
"Organismo de Cuenca Aguas del Valle de México - Autopista Peñón-Texcoco Km. 4.5, C.P. 56100, Texcoco, Estado de México.",Texcoco,Estado de México,56100,"Autopista Peñón-Texcoco Km. 4.5, C.P. 56100, Texcoco, Estado de México."
"Organismo de Cuenca Aguas del Valle de México - Autopista Peñón-Texcoco Km. 4.5, C.P. 56530, Texcoco, Estado de México.",Texcoco,Estado de México,56530,"Autopista Peñón-Texcoco Km. 4.5, C.P. 56530, Texcoco, Estado de México."
"Organismo de Cuenca Aguas del Valle de México - Autopista Peñón-Texcoco Km. 5.4, Zona Federal del Ex-Lago de Texcoco, C.P. 56100, Texcoco, Estado de México.",Texcoco,Estado de México,56100,"Autopista Peñón-Texcoco Km. 5.4, Zona Federal del Ex-Lago de Texcoco, C.P. 56100, Texcoco, Estado de México."
"Organismo de Cuenca Aguas del Valle de México - Av. Acueducto S/N Colonia la Panorámica, C.P. 55036, San Cristóbal Ecatepec, Estado de México.",San Cristóbal Ecatepec,Estado de México,55036,"Av. Acueducto S/N Colonia la Panorámica, C.P. 55036, San Cristóbal Ecatepec, Estado de México."
"Organismo de Cuenca Aguas del Valle de México - Av. Chiapas S/N, Esquina Dr., Jiménez Cantú, Colonia Constitución de 1917, C.P. 54190, Ecatepec, Estado de México.",Ecatepec,Estado de México,54190,"Av. Chiapas S/N, Esquina Dr., Jiménez Cantú, Colonia Constitución de 1917, C.P. 54190, Ecatepec, Estado de México."
"Organismo de Cuenca Aguas del Valle de México - Av. Dr. Jorge Jiménez Cantú S/N, Colonia Nuevo Madin, C.P. 52989, Atizapán de Zaragoza, Estado de México.",Atizapán de Zaragoza,Estado de México,52989,"Av. Dr. Jorge Jiménez Cantú S/N, Colonia Nuevo Madin, C.P. 52989, Atizapán de Zaragoza, Estado de México."
"Organismo de Cuenca Aguas del Valle de México - Av. El Huérfano #10, Colonia San Francisco Cuautliquixca, C.P. 55760, Tecámac, Estado de México.",Tecámac,Estado de México,55760,"Av. El Huérfano #10, Colonia San Francisco Cuautliquixca, C.P. 55760, Tecámac, Estado de México."
"Organismo de Cuenca Aguas del Valle de México - Avenida José Loreto Fabela 850, Colonia San Juan de Aragón, C.P. 07950, Alcaldía Gustavo A. Madero, CDMX.",CDMX,CDMX,"07950,","Avenida José Loreto Fabela 850, Colonia San Juan de Aragón, C.P. 07950, Alcaldía Gustavo A. Madero, CDMX."
"Organismo de Cuenca Aguas del Valle de México - Av. México S/N Col. Dos Ríos, C.P. 52790, Huixquilucan, Estado de México.",Huixquilucan,Estado de México,52790,"Av. México S/N Col. Dos Ríos, C.P. 52790, Huixquilucan, Estado de México."
"Organismo de Cuenca Aguas del Valle de México - Av. Recursos Hidráulicos No. 23, Colonia Ejidos de San Cristóbal, C.P. 55040, Ecatepec, Estado de México.",Ecatepec,Estado de México,55040,"Av. Recursos Hidráulicos No. 23, Colonia Ejidos de San Cristóbal, C.P. 55040, Ecatepec, Estado de México."
"Organismo de Cuenca Aguas del Valle de México - Av. Río Churubusco No. 650, Colonia Carlos Zapata Vela, C.P. 08040, Alcaldía Iztacalco, CDMX.",CDMX,CDMX,"08040,","Av. Río Churubusco No. 650, Colonia Carlos Zapata Vela, C.P. 08040, Alcaldía Iztacalco, CDMX."
"Organismo de Cuenca Aguas del Valle de México - Calle 10 de Junio S/N, Antes Recursos Hidráulicos Esquina Av. Toluca, Colonia Poblado de Teyahualco, C.P. 54990, Tultepec, Estado de México.",Tultepec,Estado de México,54990,"Calle 10 de Junio S/N, Antes Recursos Hidráulicos Esquina Av. Toluca, Colonia Poblado de Teyahualco, C.P. 54990, Tultepec, Estado de México."
"Organismo de Cuenca Aguas del Valle de México - Calle Diego Rivera S/N, Colonia Emiliano Zapata ISSSTE, C.P. 56227, Texcoco, Estado de México.",Texcoco,Estado de México,56227,"Calle Diego Rivera S/N, Colonia Emiliano Zapata ISSSTE, C.P. 56227, Texcoco, Estado de México."
"Organismo de Cuenca Aguas del Valle de México - Calzada Guadalupe Esquina Interceptor Poniente, Colonia El Cerrito, C.P. 54800, Cuautitlán, Estado de México.",Cuautitlán,Estado de México,54800,"Calzada Guadalupe Esquina Interceptor Poniente, Colonia El Cerrito, C.P. 54800, Cuautitlán, Estado de México."
"Organismo de Cuenca Aguas del Valle de México - Camino a Presa Chilesdo Km. 2.2, Col. Manzana de Castle, C.P. 51000, Estado de México.",Estado de México,Estado de México,51000,"Camino a Presa Chilesdo Km. 2.2, Col. Manzana de Castle, C.P. 51000, Estado de México."
"Organismo de Cuenca Aguas del Valle de México - Camino Presa Valle de Bravo a Villa Colorines S/N, Colonia Villa de Colorines, C.P. 51230, Estado de México.",Estado de México,Estado de México,51230,"Camino Presa Valle de Bravo a Villa Colorines S/N, Colonia Villa de Colorines, C.P. 51230, Estado de México."
"Organismo de Cuenca Aguas del Valle de México - Carretera Ixtapan del Oro-Colorines S/N, Col. Ixtapan del Oro Centro, C.P. 51070, Estado de México.",Estado de México,Estado de México,51070,"Carretera Ixtapan del Oro-Colorines S/N, Col. Ixtapan del Oro Centro, C.P. 51070, Estado de México."
"Organismo de Cuenca Aguas del Valle de México - Carretera Santa María Atarasquillo-San Nicolás Peralta S/N, Col. Agrícola Analco En San Nicolás Peralta, C.P. 52047, Lerma de Villada, Estado de México.",Lerma de Villada,Estado de México,52047,"Carretera Santa María Atarasquillo-San Nicolás Peralta S/N, Col. Agrícola Analco En San Nicolás Peralta, C.P. 52047, Lerma de Villada, Estado de México."
"Organismo de Cuenca Aguas del Valle de México - Carretera Toluca Zitácuaro Col. Gustavo Baz Tanque Santa Isabel Municipio de Villa Victoria Km. 108, Toluca, Estado de México.",Toluca,Estado de México,50963,"Carretera Toluca Zitácuaro Col. Gustavo Baz Tanque Santa Isabel Municipio de Villa Victoria Km. 108, Toluca, Estado de México."
"Organismo de Cuenca Aguas del Valle de México - Carretera Toluca-Valle de Bravo, Vía Monumento Km. 23.5, Col. El Arco, C.P. 51200, Valle de Bravo, Estado de México.",Valle de Bravo,Estado de México,51200,"Carretera Toluca-Valle de Bravo, Vía Monumento Km. 23.5, Col. El Arco, C.P. 51200, Valle de Bravo, Estado de México."
"Organismo de Cuenca Aguas del Valle de México - Carretera Villa Victoria - El Oro Km. 6.5, Col. la Presa, C.P. 50985, Estado de México.",Estado de México,Estado de México,50985,"Carretera Villa Victoria - El Oro Km. 6.5, Col. la Presa, C.P. 50985, Estado de México."
"Organismo de Cuenca Aguas del Valle de México - Carretera Reyes Apaxco Km. 22.7 Barrio de San Miguel, C.P. 55650, Tequixquiac, Estado de México.",Tequixquiac,Estado de México,55650,"Carretera Reyes Apaxco Km. 22.7 Barrio de San Miguel, C.P. 55650, Tequixquiac, Estado de México."
"Organismo de Cuenca Aguas del Valle de México - Carretera Tuxpan-Agostitlan Km. 4, Ejido El Malacate, C.P. 61426, Ejido El Malacate, Michoacán.",Ejido El Malacate,Michoacán,61426,"Carretera Tuxpan-Agostitlan Km. 4, Ejido El Malacate, C.P. 61426, Ejido El Malacate, Michoacán."
"Organismo de Cuenca Aguas del Valle de México - Carretera Zitacuaro-Huetamo, Km.11, Ejido los Zapotes, C.P. 61539, Ejido Los Zapotes, Michoacán.",Ejido Los Zapotes,Michoacán,61539,"Carretera Zitacuaro-Huetamo, Km.11, Ejido los Zapotes, C.P. 61539, Ejido Los Zapotes, Michoacán."
"Organismo de Cuenca Aguas del Valle de México - Emisor Poniente S/N Esquina Con Francisco Villa, Barrio Caltenco, C.P. 54660, Coyotepec, Estado de México.",Coyotepec,Estado de México,54660,"Emisor Poniente S/N Esquina Con Francisco Villa, Barrio Caltenco, C.P. 54660, Coyotepec, Estado de México."
"Organismo de Cuenca Aguas del Valle de México - Km 22.5 Carretera México-Puebla Esquina Camino Al Tiradero de Santa Catalina, Col. Loma Encantada, C.P. 50900, La Paz, Estado de México.",La Paz,Estado de México,50900,"Km 22.5 Carretera México-Puebla Esquina Camino Al Tiradero de Santa Catalina, Col. Loma Encantada, C.P. 50900, La Paz, Estado de México."
"Organismo de Cuenca Aguas del Valle de México - Km. 2 Carretera a San Bartolo Cuautlalpan S/N, Colonia Lázaro Cárdenas, Frente a la Subestación de CFE, C.P. 43801, Tizayuca, Hidalgo.",Tizayuca,Hidalgo,43801,"Km. 2 Carretera a San Bartolo Cuautlalpan S/N, Colonia Lázaro Cárdenas, Frente a la Subestación de CFE, C.P. 43801, Tizayuca, Hidalgo."
"Organismo de Cuenca Aguas del Valle de México - Km. 54.5 Carretera Toluca-Valle de Bravo, C.P. 51000, los Berros Villa de Allende, Estado de México.",Los Berros Villa de Allende,Estado de México,51000,"Km. 54.5 Carretera Toluca-Valle de Bravo, C.P. 51000, los Berros Villa de Allende, Estado de México."
"Organismo de Cuenca Aguas del Valle de México - Km. 7.5 Autopista Peñón-Texcoco, C.P. 56100, Texcoco, Estado de México.",Texcoco,Estado de México,56100,"Km. 7.5 Autopista Peñón-Texcoco, C.P. 56100, Texcoco, Estado de México."
"Organismo de Cuenca Aguas del Valle de México - Paseo de Sicilia No. 225, Fraccionamiento Lomas Estrella Segunda Sección, C.P. 09890, Alcaldía Iztapalapa, CDMX.",CDMX,CDMX,"09890,","Paseo de Sicilia No. 225, Fraccionamiento Lomas Estrella Segunda Sección, C.P. 09890, Alcaldía Iztapalapa, CDMX."
"Organismo de Cuenca Aguas del Valle de México - Presa Colorines Frente a Oficinas de Café Carr. Colorines Santo Tomas de los Plátanos, C.P. 51230, Valle de Bravo, Estado de México.",Valle de Bravo,Estado de México,51230,"Presa Colorines Frente a Oficinas de Café Carr. Colorines Santo Tomas de los Plátanos, C.P. 51230, Valle de Bravo, Estado de México."
"Organismo de Cuenca Aguas del Valle de México - San Pablo Autopan, C.P. 50290, Toluca, Estado de México.",Toluca,Estado de México,50290,"San Pablo Autopan, C.P. 50290, Toluca, Estado de México."
"Organismo de Cuenca Aguas del Valle de México - Valle de las Alamedas S/N, Fraccionamiento Izcalli del Valle, C.P. 54945, Tultitlan, Estado de México.",Tultitlan,Estado de México,54945,"Valle de las Alamedas S/N, Fraccionamiento Izcalli del Valle, C.P. 54945, Tultitlan, Estado de México."
"Organismo de Cuenca Balsas - Av. Universidad No.5 Col. Santa María Ahuacatitlan C.P. 62000, Cuernavaca, Morelos.",Cuernavaca,Morelos,62000,"Av. Universidad No.5 Col. Santa María Ahuacatitlan C.P. 62000, Cuernavaca, Morelos."
"Organismo de Cuenca Balsas - Calle Sonora No. 726, Col. Vista Hermosa C.P. 62290, Cuernavaca, Morelos.",Cuernavaca,Morelos,62290,"Calle Sonora No. 726, Col. Vista Hermosa C.P. 62290, Cuernavaca, Morelos."
"Organismo de Cuenca Balsas - Cuauhtémoc No.2 Col. Centro Galeana C.P. 62785, Zacatepec, Morelos.",Zacatepec,Morelos,62785,"Cuauhtémoc No.2 Col. Centro Galeana C.P. 62785, Zacatepec, Morelos."
"Organismo de Cuenca Balsas - Nueva Bélgica Esq. Pedro de Alvarado S/N Col. Reforma Norte C.P. 62260, Cuernavaca, Morelos.",Cuernavaca,Morelos,62260,"Nueva Bélgica Esq. Pedro de Alvarado S/N Col. Reforma Norte C.P. 62260, Cuernavaca, Morelos."
"Organismo de Cuenca Balsas - Reforma S/N Agencia la Estancia C.P. 69000, Huajuapan de León, Oaxaca.",Huajuapan de León,Oaxaca,69000,"Reforma S/N Agencia la Estancia C.P. 69000, Huajuapan de León, Oaxaca."
"Organismo de Cuenca Cuencas Centrales del Norte - Av. Cipreses Esquina Con Paseo la Rosita S/N. Col. Residencial Campestre la Rosita, C.P. 27250, Torreón, Coahuila de Zaragoza.",Torreón,Coahuila,27250,"Av. Cipreses Esquina Con Paseo la Rosita S/N. Col. Residencial Campestre la Rosita, C.P. 27250, Torreón, Coahuila de Zaragoza."
"Organismo de Cuenca Cuencas Centrales del Norte - Av. Francisco I. Madero 385 Nte. Col. Centro, C.P. 35150, Lerdo, Durango. ",Lerdo,Durango,35150,"Av. Francisco I. Madero 385 Nte. Col. Centro, C.P. 35150, Lerdo, Durango. "
"Organismo de Cuenca Cuencas Centrales del Norte - Blvd. José Santos Valdez S/N. Col. Mariano Matamoros, C.P. 27445, Matamoros, Coahuila de Zaragoza.",Matamoros,Coahuila,27445,"Blvd. José Santos Valdez S/N. Col. Mariano Matamoros, C.P. 27445, Matamoros, Coahuila de Zaragoza."
"Organismo de Cuenca Cuencas Centrales del Norte - Blvd. Madero 298 Sur. Col. Centro. Francisco I. Madero, C.P. 27907, Francisco I Madero, Coahuila de Zaragoza.",Francisco I Madero,Coahuila,27907,"Blvd. Madero 298 Sur. Col. Centro. Francisco I. Madero, C.P. 27907, Francisco I Madero, Coahuila de Zaragoza."
"Organismo de Cuenca Cuencas Centrales del Norte - Calzada Manuel Ávila Camacho 2777 Ote. Col. Magdalenas, C.P. 27010, Torreón, Coahuila de Zaragoza.",Torreón,Coahuila,27010,"Calzada Manuel Ávila Camacho 2777 Ote. Col. Magdalenas, C.P. 27010, Torreón, Coahuila de Zaragoza."
"Organismo de Cuenca Cuencas Centrales del Norte - Carretera Interoceánica Km1. Carretera Torreón - San Pedro, C.P. 27845, San Pedro, Coahuila de Zaragoza.",San Pedro,Coahuila,27845,"Carretera Interoceánica Km1. Carretera Torreón - San Pedro, C.P. 27845, San Pedro, Coahuila de Zaragoza."
"Organismo de Cuenca Cuencas Centrales del Norte - Carretera Pedriceña - Nazas, Km 45, C.P. 35704, Nazas, Durango.",Nazas,Durango,35704,"Carretera Pedriceña - Nazas, Km 45, C.P. 35704, Nazas, Durango."
"Organismo de Cuenca Cuencas Centrales del Norte - Periférico Gómez Palacio - Lerdo, Km 17. Carretera Federal 40, C.P. 34154, Lerdo, Durango.",Lerdo,Durango,34154,"Periférico Gómez Palacio - Lerdo, Km 17. Carretera Federal 40, C.P. 34154, Lerdo, Durango."
"Organismo de Cuenca Frontera Sur - 2A Calle Sur Esquina Con 9A. Avenida Oriente S/N. Colonia Arriaga Centro, C.P. 30454, Arriaga, Chiapas.",Arriaga,Chiapas,30454,"2A Calle Sur Esquina Con 9A. Avenida Oriente S/N. Colonia Arriaga Centro, C.P. 30454, Arriaga, Chiapas."
"Organismo de Cuenca Frontera Sur - 7A Sur Poniente S/N, Colonia Miguel Alemán Valdés, C.P. 30090, Comitán de Domínguez, Chiapas.",Comitán de Domínguez,Chiapas,30090,"7A Sur Poniente S/N, Colonia Miguel Alemán Valdés, C.P. 30090, Comitán de Domínguez, Chiapas."
"Organismo de Cuenca Frontera Sur - Av. Central Norte Numero 20, Ciudad Hidalgo, C.P. 30780, Entre 5A y 7A Poniente Colonia Centro, Ciudad Hidalgo, Chiapas.",Cuidad Hidalgo,Chiapas,30780,"Av. Central Norte Numero 20, Ciudad Hidalgo, C.P. 30780, Entre 5A y 7A Poniente Colonia Centro, Ciudad Hidalgo, Chiapas."
"Organismo de Cuenca Frontera Sur - Av. Insurgentes No. 119-A, Col. María Auxiliadora, C.P. 29270, San Cristóbal de las Casas, Chiapas.",San Cristóbal de las Casas,Chiapas,29270,"Av. Insurgentes No. 119-A, Col. María Auxiliadora, C.P. 29270, San Cristóbal de las Casas, Chiapas."
"Organismo de Cuenca Frontera Sur - Blvd. Escritor Armando Jiménez S/N, Fracc. los Laguitos, C.P. 29023, Los Laguitos, Chiapas.",Los Laguitos,Chiapas,29023,"Blvd. Escritor Armando Jiménez S/N, Fracc. los Laguitos, C.P. 29023, Los Laguitos, Chiapas."
"Organismo de Cuenca Frontera Sur - Carretera Al Antiguo Aeropuerto Km. 2.5 S/N, C.P. 30789, Tapachula, Chiapas.",Tapachula,Chiapas,30789,"Carretera Al Antiguo Aeropuerto Km. 2.5 S/N, C.P. 30789, Tapachula, Chiapas."
"Organismo de Cuenca Frontera Sur - Carretera Al Antiguo Aeropuerto S/N, C.P. 30799, Tapachula, Chiapas.",Tapachula,Chiapas,30799,"Carretera Al Antiguo Aeropuerto S/N, C.P. 30799, Tapachula, Chiapas."
"Organismo de Cuenca Frontera Sur - Carretera Tuxtla Chicoasén Km 1.5, S/N., los Laguitos, C.P. 29020, Tuxtla Gutiérrez, Chiapas.",Tuxtla Gutiérrez,Chiapas,29020,"Carretera Tuxtla Chicoasén Km 1.5, S/N., los Laguitos, C.P. 29020, Tuxtla Gutiérrez, Chiapas."
"Organismo de Cuenca Frontera Sur - Cuarta Calle Norte Poniente Sin Número, Col. San José Yocnajab, C.P. 30109, Ciudad de Comitán de Domínguez, Chiapas.",Comitán de Domínguez,Chiapas,30109,"Cuarta Calle Norte Poniente Sin Número, Col. San José Yocnajab, C.P. 30109, Ciudad de Comitán de Domínguez, Chiapas."
"Organismo de Cuenca Frontera Sur - Domicilio Conocido CNA, Col. Soyatitán, Chiapas, C.P. 30200, Venustiano Carranza, Chiapas.",Venustiano Carranza,Chiapas,30200,"Domicilio Conocido CNA, Col. Soyatitán, Chiapas, C.P. 30200, Venustiano Carranza, Chiapas."
"Organismo de Cuenca Frontera Sur - Domicilio Conocido, Campamento Cna, Col. Independencia, C.P. 30362, La Concordia, Chiapas.",La Concordia,Chiapas,30362,"Domicilio Conocido, Campamento Cna, Col. Independencia, C.P. 30362, La Concordia, Chiapas."
"Organismo de Cuenca Frontera Sur - Km 3.5 Carretera a Escuintla S/N, C.P. 30580, Acapetahua, Chiapas.",Acapetahua,Chiapas,30580,"Km 3.5 Carretera a Escuintla S/N, C.P. 30580, Acapetahua, Chiapas."
"Organismo de Cuenca Golfo Centro - A. Ejercito Mexicano Número S/N Colonia Ylang-Ylang, C.P. 94298, Boca del Río, Veracruz.",Boca del Río,Veracruz,94298,"A. Ejercito Mexicano Número S/N Colonia Ylang-Ylang, C.P. 94298, Boca del Río, Veracruz."
"Organismo de Cuenca Golfo Centro - Av. Ejercito Mexicano S/N Colonia Ylang-Ylang, C.P. 94298, Boca del Río, Veracruz.",Boca del Río,Veracruz,94298,"Av. Ejercito Mexicano S/N Colonia Ylang-Ylang, C.P. 94298, Boca del Río, Veracruz."
"Organismo de Cuenca Golfo Centro - Boulevard Complejo Morelos Km 0+860, Cruce Con Arrollo Teapa, Col. Complejo Petroquímico Pajaritos, C.P. 96384, Coatzacoalcos, Veracruz.",Coatzacoalcos,Veracruz,96384,"Boulevard Complejo Morelos Km 0+860, Cruce Con Arrollo Teapa, Col. Complejo Petroquímico Pajaritos, C.P. 96384, Coatzacoalcos, Veracruz."
"Organismo de Cuenca Golfo Centro - Calle Juárez S/N, Esquina Guerrero Col. Centro, C.P. 95200, Joachin, Veracruz.",Joachin,Veracruz,95200,"Calle Juárez S/N, Esquina Guerrero Col. Centro, C.P. 95200, Joachin, Veracruz."
"Organismo de Cuenca Golfo Centro - Calle Roble S/ FOVISSSTE, Colonia El Espinal, C.P. 94320, Orizaba, Veracruz.",Orizaba,Veracruz,94320,"Calle Roble S/ FOVISSSTE, Colonia El Espinal, C.P. 94320, Orizaba, Veracruz."
"Organismo de Cuenca Golfo Centro - Carretera a Canticas Km. 9, Col. las Gaviotas, C.P. 96536, Coatzacoalcos, Veracruz.",Coatzacoalcos,Veracruz,96536,"Carretera a Canticas Km. 9, Col. las Gaviotas, C.P. 96536, Coatzacoalcos, Veracruz."
"Organismo de Cuenca Golfo Centro - Carretera Xalapa - Veracruz Kilómetro 3.5, Número 471, Colonia Olmos de las Animas, C.P. 91193, Xalapa, Veracruz.",Xalapa,Veracruz,91193,"Carretera Xalapa - Veracruz Kilómetro 3.5, Número 471, Colonia Olmos de las Animas, C.P. 91193, Xalapa, Veracruz."
"Organismo de Cuenca Golfo Centro - Domicilio Conocido (A 3 Kilómetros del Entronque Con la Carretera Antigua a las Choapas), Ejido Tlacuilolapa, C.P. 96376, Municipio de Moloacan, Veracruz.",Tlacuilolapa,Veracruz,96376,"Domicilio Conocido (A 3 Kilómetros del Entronque Con la Carretera Antigua a las Choapas), Ejido Tlacuilolapa, C.P. 96376, Municipio de Moloacan, Veracruz."
"Organismo de Cuenca Golfo Centro - Domicilio Conocido (A Dos Km. del Canal de Llamada de Pb-1), Ejido Ceiba Blanca, C.P. 96986, Municipio de las Choapas, Veracruz.",Municipio de las Choapas,Veracruz,96986,"Domicilio Conocido (A Dos Km. del Canal de Llamada de Pb-1), Ejido Ceiba Blanca, C.P. 96986, Municipio de las Choapas, Veracruz."
"Organismo de Cuenca Golfo Centro - Domicilio Conocido, Carretera Federal Núm. 175, Conduce a la Ciudad de Tuxtepec Ejido Cerro de Oro, C.P. 68470, San Lucas Ojitlán, Oaxaca.",San Lucas Ojitlán,Oaxaca,68470,"Domicilio Conocido, Carretera Federal Núm. 175, Conduce a la Ciudad de Tuxtepec Ejido Cerro de Oro, C.P. 68470, San Lucas Ojitlán, Oaxaca."
"Organismo de Cuenca Golfo Centro - Domicilio Conocido, Presa la Uspanapa - Cangrejera, Ejido Gavilán Sur S/N, C.P. 96400, Coatzacoalcos, Veracruz.",Coatzacoalcos,Veracruz,96400,"Domicilio Conocido, Presa la Uspanapa - Cangrejera, Ejido Gavilán Sur S/N, C.P. 96400, Coatzacoalcos, Veracruz."
"Organismo de Cuenca Golfo Centro - Domicilio Conocido, Privada Galeana S/N, Col. Azteca, C.P. 92820, Tuxpan, Veracruz.",Tuxpan,Veracruz,92820,"Domicilio Conocido, Privada Galeana S/N, Col. Azteca, C.P. 92820, Tuxpan, Veracruz."
"Organismo de Cuenca Golfo Centro - Zapotecos No. 1, Piso 1, C.P. 95427, Mpio. Cosamaloapan, Miguel Alemán, Veracruz.",Miguel Alemán,Veracruz,95427,"Zapotecos No. 1, Piso 1, C.P. 95427, Mpio. Cosamaloapan, Miguel Alemán, Veracruz."
"Organismo de Cuenca Golfo Norte - 5 de Mayo No. 603 Oriente Zona Centro, C.P.67700, Linares, Nuevo León,.",Linares,Nuevo León,67700,"5 de Mayo No. 603 Oriente Zona Centro, C.P.67700, Linares, Nuevo León,."
"Organismo de Cuenca Golfo Norte - Brecha Este 123, Esquina Con Brecha Sur 40, Col. Agrícola Francisco González Villareal C.P. 87618, San Fernando, Tamaulipas.",San Fernando,Tamaulipas,87618,"Brecha Este 123, Esquina Con Brecha Sur 40, Col. Agrícola Francisco González Villareal C.P. 87618, San Fernando, Tamaulipas."
"Organismo de Cuenca Golfo Norte - Calle Abasolo No. 602 Sur Zona Centro C.P.87950, Xicoténcatl, Tamaulipas.",Xicoténcatl,Tamaulipas,87950,"Calle Abasolo No. 602 Sur Zona Centro C.P.87950, Xicoténcatl, Tamaulipas."
"Organismo de Cuenca Golfo Norte - Calle Expropiación Petrolera No. 1510, Fraccionamiento Fuego Nuevo, C.P. 87071, Ciudad Victoria, Tamaulipas.",Ciudad Victoria,Tamaulipas,87071,"Calle Expropiación Petrolera No. 1510, Fraccionamiento Fuego Nuevo, C.P. 87071, Ciudad Victoria, Tamaulipas."
"Organismo de Cuenca Golfo Norte - Calle Felipe de la Garza No. 204. Col. Centro, C.P. 89000, Ciudad Soto la Marina, Tamaulipas.",Soto la Marina,Tamaulipas,89000,"Calle Felipe de la Garza No. 204. Col. Centro, C.P. 89000, Ciudad Soto la Marina, Tamaulipas."
"Organismo de Cuenca Golfo Norte - Calle Lomas del Palmar No. 205, Col. Lomas de Rosales, C.P. 89100, Tampico, Tamaulipas.",Tampico,Tamaulipas,89100,"Calle Lomas del Palmar No. 205, Col. Lomas de Rosales, C.P. 89100, Tampico, Tamaulipas."
"Organismo de Cuenca Golfo Norte - Calle Manuel González Norte No. 205, Zona Centro, C.P. 89800, El Mante, Tamaulipas.",El Mante,Tamaulipas,89800,"Calle Manuel González Norte No. 205, Zona Centro, C.P. 89800, El Mante, Tamaulipas."
"Organismo de Cuenca Golfo Norte - Calle Morelos S/N Entre Francisco I. Madero y Manuel A. Ravize Zona Centro C.P. 87760, Abasolo, Tamaulipas.",Abasolo,Tamaulipas,87760,"Calle Morelos S/N Entre Francisco I. Madero y Manuel A. Ravize Zona Centro C.P. 87760, Abasolo, Tamaulipas."
"Organismo de Cuenca Golfo Norte - Carretera Pánuco-Tempoal km. 2.8 Col. Rafael Hernández Ochoa C.P. 93995, Pánuco, Veracruz.",Pánuco,Veracruz,93995,"Carretera Pánuco-Tempoal km. 2.8 Col. Rafael Hernández Ochoa C.P. 93995, Pánuco, Veracruz."
"Organismo de Cuenca Golfo Norte - Carretera Tampico Mante Km. 21.4, Zona Centro, C.P. 89600, Altamira, Tamaulipas.",Altamira,Tamaulipas,89600,"Carretera Tampico Mante Km. 21.4, Zona Centro, C.P. 89600, Altamira, Tamaulipas."
"Organismo de Cuenca Golfo Norte - Libramiento Emilio Portes Gil Núm. 200 Col. Miguel Alemán C.P. 87030, Ciudad Victoria, Tamaulipas.",Ciudad Victoria,Tamaulipas,87030,"Libramiento Emilio Portes Gil Núm. 200 Col. Miguel Alemán C.P. 87030, Ciudad Victoria, Tamaulipas."
"Organismo de Cuenca Golfo Norte - Zaragoza Norte No. 212, Col. Ampliación, Unidad Nacional, C.P. 89510, Madero, Tamaulipas.",Madero,Tamaulipas,89510,"Zaragoza Norte No. 212, Col. Ampliación, Unidad Nacional, C.P. 89510, Madero, Tamaulipas."
"Organismo de Cuenca Lerma Santiago Pacífico - Av. 20 Noviembre No. 29, Col. 6 de Noviembre, C.P. 47801, Ocotlán, Jalisco.",Ocotlán,Jalisco,47801,"Av. 20 Noviembre No. 29, Col. 6 de Noviembre, C.P. 47801, Ocotlán, Jalisco."
"Organismo de Cuenca Lerma Santiago Pacífico - Av. Hidalgo No. 354, Col Centro, C.P. 48740, El Grullo, Jalisco.",El Grullo,Jalisco,48740,"Av. Hidalgo No. 354, Col Centro, C.P. 48740, El Grullo, Jalisco."
"Organismo de Cuenca Lerma Santiago Pacífico - Avenida Adoph B. Horn Jr. No 565, Toluquilla, C.P. 45610, Tlaquepaque, Jalisco.",Tlaquepaque,Jalisco,45610,"Avenida Adoph B. Horn Jr. No 565, Toluquilla, C.P. 45610, Tlaquepaque, Jalisco."
"Organismo de Cuenca Lerma Santiago Pacífico - Avenida Federalismo Norte No. 275, Colonia Centro, C.P. 44100, Guadalajara, Jalisco.",Guadalajara,Jalisco,44100,"Avenida Federalismo Norte No. 275, Colonia Centro, C.P. 44100, Guadalajara, Jalisco."
"Organismo de Cuenca Lerma Santiago Pacífico - Domicilio Conocido, Camino a la Presa, Poblado de Huascato, C.P. 47981, Degollado, Jalisco.",Degollado,Jalisco,47981,"Domicilio Conocido, Camino a la Presa, Poblado de Huascato, C.P. 47981, Degollado, Jalisco."
"Organismo de Cuenca Lerma Santiago Pacífico - Domicilio Conocido, Presa Cajón de Peña, Margen Derecho de la Presa, C.P. 48450, Tomatlán, Jalisco.",Tomatlán,Jalisco,48450,"Domicilio Conocido, Presa Cajón de Peña, Margen Derecho de la Presa, C.P. 48450, Tomatlán, Jalisco."
"Organismo de Cuenca Lerma Santiago Pacífico - Domicilio Conocido, Presa Trigomil, C.P. 48001, Unión de Tula, Jalisco.",Unión de Tula,Jalisco,48001,"Domicilio Conocido, Presa Trigomil, C.P. 48001, Unión de Tula, Jalisco."
"Organismo de Cuenca Lerma Santiago Pacífico - José Ma. Calvillo No 7, Col. del Cerrito, C.P. 46200, Colotlán, Jalisco.",Colotlán,Jalisco,46200,"José Ma. Calvillo No 7, Col. del Cerrito, C.P. 46200, Colotlán, Jalisco."
"Organismo de Cuenca Lerma Santiago Pacífico - Juan Pablo Anaya No. 364, Colonia Alcaldes, C.P. 47400, Lagos de Moreno, Jalisco.",Lagos de Moreno,Jalisco,47400,"Juan Pablo Anaya No. 364, Colonia Alcaldes, C.P. 47400, Lagos de Moreno, Jalisco."
"Organismo de Cuenca Lerma Santiago Pacífico - Km 127, Carretera Barra de Navidad - Pto. Vallarta, Campamento Sagarpa, C.P. 48450, Tomatlán, Jalisco.",Tomatlán,Jalisco,48450,"Km 127, Carretera Barra de Navidad - Pto. Vallarta, Campamento Sagarpa, C.P. 48450, Tomatlán, Jalisco."
"Organismo de Cuenca Lerma Santiago Pacífico - Miguel Hidalgo No. 675, Colonia Centro, C.P. 4900, Zapotlán El Grande, Jalisco.",Zapotlán El Grande,Jalisco,4900,"Miguel Hidalgo No. 675, Colonia Centro, C.P. 4900, Zapotlán El Grande, Jalisco."
"Organismo de Cuenca Lerma Santiago Pacífico - Paseo del Torreón No 2150, Col. Villa de los Colomos, Interior del Parque de los Colomos, C.P. 44660, Guadalajara, Jalisco.",Guadalajara,Jalisco,44660,"Paseo del Torreón No 2150, Col. Villa de los Colomos, Interior del Parque de los Colomos, C.P. 44660, Guadalajara, Jalisco."
"Organismo de Cuenca Lerma Santiago Pacífico - Salvador Zúñiga No. 33, Colonia Centro, C.P. 46600, Ameca, Jalisco.",Ameca,Jalisco,46600,"Salvador Zúñiga No. 33, Colonia Centro, C.P. 46600, Ameca, Jalisco."
"Organismo de Cuenca Noroeste - Av. 1 de Mayo y Oriente Final S/N, Col. Jordán, C.P. 85390, Empalme, Sonora.",Empalme,Sonora,85390,"Av. 1 de Mayo y Oriente Final S/N, Col. Jordán, C.P. 85390, Empalme, Sonora."
"Organismo de Cuenca Noroeste - Blvd. Luis Encinas No. 399 Col El Ranchito C.P. 83050, Hermosillo, Sonora.",Hermosillo,Sonora,83050,"Blvd. Luis Encinas No. 399 Col El Ranchito C.P. 83050, Hermosillo, Sonora."
"Organismo de Cuenca Noroeste - Blvd. Paseo de la Cultura y Comonfort Edificio México, 3Er Piso, Col. Villa de Seris C.P. 83280, Hermosillo, Sonora.",Hermosillo,Sonora,83280,"Blvd. Paseo de la Cultura y Comonfort Edificio México, 3Er Piso, Col. Villa de Seris C.P. 83280, Hermosillo, Sonora."
"Organismo de Cuenca Noroeste - California No. 54 Col. la Matanza, C.P. 83080, Hermosillo, Sonora.",Hermosillo,Sonora,83080,"California No. 54 Col. la Matanza, C.P. 83080, Hermosillo, Sonora."
"Organismo de Cuenca Noroeste - Calle 5 Álvaro Obregón y Av. W #34, Col. Industrial, C.P. 83460, Caborca, Sonora.",Caborca,Sonora,83460,"Calle 5 Álvaro Obregón y Av. W #34, Col. Industrial, C.P. 83460, Caborca, Sonora."
"Organismo de Cuenca Noroeste - Calle Granados S/N, Entre Morelos y Canal Principal Bajo, Col. Morelos, . C.P. 85000, Ciudad Obregón, Sonora.",Ciudad Obregón,Sonora,85000,"Calle Granados S/N, Entre Morelos y Canal Principal Bajo, Col. Morelos, . C.P. 85000, Ciudad Obregón, Sonora."
"Organismo de Cuenca Noroeste - Cerro de la Ballena S/N Calle 1° Junio y 16 de Sept Col. El Puerto C.P. 83550, Puerto Peñasco, Sonora.",Puerto Peñasco,Sonora,83550,"Cerro de la Ballena S/N Calle 1° Junio y 16 de Sept Col. El Puerto C.P. 83550, Puerto Peñasco, Sonora."
"Organismo de Cuenca Noroeste - Cerro de la Sirena S/N, Col. Centro, C.P. 83340, Nacozari de García, Sonora.",Nacozari de García,Sonora,83340,"Cerro de la Sirena S/N, Col. Centro, C.P. 83340, Nacozari de García, Sonora."
"Organismo de Cuenca Noroeste - Fraccionamiento Libertad, Manzana 111, Col. Libertad, C.P. 85330, Empalme, Sonora.",Empalme,Sonora,85330,"Fraccionamiento Libertad, Manzana 111, Col. Libertad, C.P. 85330, Empalme, Sonora."
"Organismo de Cuenca Noroeste - Gonzalo Zendai No.33, Col Buenos Aires, C.P. 83750, Altar, Sonora.",Altar,Sonora,83750,"Gonzalo Zendai No.33, Col Buenos Aires, C.P. 83750, Altar, Sonora."
"Organismo de Cuenca Noroeste - Hidalgo y Sinaloa No. 827, Col. Centro, C.P. 85000, Ciudad Obregón, Sonora.",Ciudad Obregón,Sonora,85000,"Hidalgo y Sinaloa No. 827, Col. Centro, C.P. 85000, Ciudad Obregón, Sonora."
"Organismo de Cuenca Noroeste - kilómetro 48 +250M de la Carretera Internacional 15, Nainari S/N C.P. 85510, Vicam, Sonora.",Vicam,Sonora,85510,"kilómetro 48 +250M de la Carretera Internacional 15, Nainari S/N C.P. 85510, Vicam, Sonora."
"Organismo de Cuenca Noroeste - Norman Bourlaug Esq. Con Calle 800, Col. Valle del Yaqui, C.P. 85000, Cajeme, Sonora.",Cajeme,Sonora,85000,"Norman Bourlaug Esq. Con Calle 800, Col. Valle del Yaqui, C.P. 85000, Cajeme, Sonora."
"Organismo de Cuenca Noroeste - Pbro. Pedro Villegas Ramirez No. 34, Col. El Razo, C.P. 83079, Hermosillo, Sonora.",Hermosillo,Sonora,83079,"Pbro. Pedro Villegas Ramirez No. 34, Col. El Razo, C.P. 83079, Hermosillo, Sonora."
"Organismo de Cuenca Noroeste - Pesqueira y Jiménez Esq. Col Centro, C.P. 85800, Navojoa, Sonora.",Navojoa,Sonora,85800,"Pesqueira y Jiménez Esq. Col Centro, C.P. 85800, Navojoa, Sonora."
"Organismo de Cuenca Pacífico Norte - Almada y Juárez S/N, C.P. 80320, Navolato, Sinaloa.",Navolato,Sinaloa,80320,"Almada y Juárez S/N, C.P. 80320, Navolato, Sinaloa."
"Organismo de Cuenca Pacífico Norte - Ángel Flores No. 903 Altos, Palacio Federal, Edificio Telégrafos, Col. Centro, C.P. 82000, Mazatlán, Sinaloa.",Mazatlán,Sinaloa,82000,"Ángel Flores No. 903 Altos, Palacio Federal, Edificio Telégrafos, Col. Centro, C.P. 82000, Mazatlán, Sinaloa."
"Organismo de Cuenca Pacífico Norte - Av. Federalismo y Blvd. Culiacán S/N, Col. Recursos Hidráulicos, C.P. 80105, Culiacán, Sinaloa.",Culiacán,Sinaloa,80105,"Av. Federalismo y Blvd. Culiacán S/N, Col. Recursos Hidráulicos, C.P. 80105, Culiacán, Sinaloa."
"Organismo de Cuenca Pacífico Norte - Av. México S/N, Col. Centro, Eldorado, C.P. 80450, Culiacán, Sinaloa.",Culiacán,Sinaloa,80450,"Av. México S/N, Col. Centro, Eldorado, C.P. 80450, Culiacán, Sinaloa."
"Organismo de Cuenca Pacífico Norte - Bahía de Altamira No. 1535, Col. Nuevo Culiacán, C.P. 80170, Culiacán, Sinaloa.",Culiacán,Sinaloa,80170,"Bahía de Altamira No. 1535, Col. Nuevo Culiacán, C.P. 80170, Culiacán, Sinaloa."
"Organismo de Cuenca Pacífico Norte - Belisario Domínguez Esq. Con Ixtlán, S/N, Col. Benito Juárez, C.P. 81215, Los Mochis, Sinaloa.",Los Mochis,Sinaloa,81215,"Belisario Domínguez Esq. Con Ixtlán, S/N, Col. Benito Juárez, C.P. 81215, Los Mochis, Sinaloa."
"Organismo de Cuenca Pacífico Norte - Blvd. Rosales y Jaime Dunat S/N, Col. Centro, C.P. 81400, Guamúchil, Sinaloa.",Guamúchil,Sinaloa,81400,"Blvd. Rosales y Jaime Dunat S/N, Col. Centro, C.P. 81400, Guamúchil, Sinaloa."
"Organismo de Cuenca Pacífico Norte - Calle 5 de Mayo S/N, Col. Centro, C.P. 81600, Angostura, Sinaloa.",Angostura,Sinaloa,81600,"Calle 5 de Mayo S/N, Col. Centro, C.P. 81600, Angostura, Sinaloa."
"Organismo de Cuenca Pacífico Norte - Calle Liceo Rosales 6413, Ignacio del Valle Lucero, C.P. 82129, Mazatlán, Sinaloa.",Mazatlán,Sinaloa,82129,"Calle Liceo Rosales 6413, Ignacio del Valle Lucero, C.P. 82129, Mazatlán, Sinaloa."
"Organismo de Cuenca Pacífico Norte - Carretera a El Dorado, Km. 19.5, Junto a la Escuela de Agricultura, Culiacán, Sinaloa.",Culiacán,Sinaloa,80430,"Carretera a El Dorado, Km. 19.5, Junto a la Escuela de Agricultura, Culiacán, Sinaloa."
"Organismo de Cuenca Pacífico Norte - Carretera a Huites No. 194, Col Centro, C.P. 81700, Choix, Sinaloa.",Choix,Sinaloa,81700,"Carretera a Huites No. 194, Col Centro, C.P. 81700, Choix, Sinaloa."
"Organismo de Cuenca Pacífico Norte - Cayetano Valadez y Papagayo S/N, Col. Juan Carrasco, C.P. 82010, Mazatlán, Sinaloa.",Mazatlán,Sinaloa,82010,"Cayetano Valadez y Papagayo S/N, Col. Juan Carrasco, C.P. 82010, Mazatlán, Sinaloa."
"Organismo de Cuenca Pacífico Norte - Constitución No. 330 Pte., Villa Unión, C.P. 82200, Mazatlán, Sinaloa.",Mazatlán,Sinaloa,82200,"Constitución No. 330 Pte., Villa Unión, C.P. 82200, Mazatlán, Sinaloa."
"Organismo de Cuenca Pacífico Norte - Esquina Calle Hidalgo y Palo Verde, S/N, Villa Adolfo López Mateos, El Tamarindo, C.P. 80313, Culiacán, Sinaloa.",Culiacán,Sinaloa,80313,"Esquina Calle Hidalgo y Palo Verde, S/N, Villa Adolfo López Mateos, El Tamarindo, C.P. 80313, Culiacán, Sinaloa."
"Organismo de Cuenca Pacífico Norte - Guillermo Prieto y Marcial Ordoñez S/N, Col. Centro, C.P. 81200, Los Mochis, Sinaloa.",Los Mochis,Sinaloa,81200,"Guillermo Prieto y Marcial Ordoñez S/N, Col. Centro, C.P. 81200, Los Mochis, Sinaloa."
"Organismo de Cuenca Pacífico Norte - Hernando de Villafañe y Benigno Valenzuela S/N, Col. Centro, C.P. 81000, Guasave, Sinaloa.",Guasave,Sinaloa,81000,"Hernando de Villafañe y Benigno Valenzuela S/N, Col. Centro, C.P. 81000, Guasave, Sinaloa."
"Organismo de Cuenca Pacífico Norte - Km 16.5 Carretera a la Cruz, Col. Arroyitos, C.P. 82700, La Cruz, Sinaloa.",La Cruz,Sinaloa,82700,"Km 16.5 Carretera a la Cruz, Col. Arroyitos, C.P. 82700, La Cruz, Sinaloa."
"Organismo de Cuenca Pacífico Norte - Rio San Lorenzo No. 6, Villa Gustavo Díaz Ordaz (Carrizo), Col. Centro, C.P. 81320, Ahome, Sinaloa.",Ahome,Sinaloa,81320,"Rio San Lorenzo No. 6, Villa Gustavo Díaz Ordaz (Carrizo), Col. Centro, C.P. 81320, Ahome, Sinaloa."
"Organismo de Cuenca Pacífico Norte - Zaragoza y Blas Valenzuela S/N, Edificio Carlón, Piso 4, C.P. 81000, Guasave, Sinaloa.",Guasave,Sinaloa,81000,"Zaragoza y Blas Valenzuela S/N, Edificio Carlón, Piso 4, C.P. 81000, Guasave, Sinaloa."
"Organismo de Cuenca Pacífico Sur - Andador 11 Casa 5 Manzana ""M"" 4A Etapa INFONAVIT 10 de Mayo, C.P. 68050, Oaxaca, Oaxaca.",Oaxaca,Oaxaca,68050,"Andador 11 Casa 5 Manzana ""M"" 4A Etapa INFONAVIT 10 de Mayo, C.P. 68050, Oaxaca, Oaxaca."
"Organismo de Cuenca Pacífico Sur - Aquiles Serdán S/N, Col. Moderna, C.P. 70110, Ciudad Ixtepec, Oaxaca.",Ciudad Ixtepec,Oaxaca,70110,"Aquiles Serdán S/N, Col. Moderna, C.P. 70110, Ciudad Ixtepec, Oaxaca."
"Organismo de Cuenca Pacífico Sur - Calle Heliodoro Díaz Quintas, S/N, C.P. 71803, Col. Lindavista, San José del Progreso, Tututepec, Oaxaca.","San José del Progreso, Tututepec",Oaxaca,71803,"Calle Heliodoro Díaz Quintas, S/N, C.P. 71803, Col. Lindavista, San José del Progreso, Tututepec, Oaxaca."
"Organismo de Cuenca Pacífico Sur - Camino a la Cortina de la Presa Benito Juárez, C.P. 70710, Santa María Jalapa del Marques, Oaxaca.",Santa María Jalapa del Marques,Oaxaca,70710,"Camino a la Cortina de la Presa Benito Juárez, C.P. 70710, Santa María Jalapa del Marques, Oaxaca."
"Organismo de Cuenca Pacífico Sur - Carretera Panamericana Km. 797, Barrio Vixhana, C.P. 70760, Santo Domingo Tehuantepec, Oaxaca.",Santo Domingo Tehuantepec,Oaxaca,70760,"Carretera Panamericana Km. 797, Barrio Vixhana, C.P. 70760, Santo Domingo Tehuantepec, Oaxaca."
"Organismo de Cuenca Pacífico Sur - Carretera Puerto Ángel - Zipolite Km. 0.5, C.P. 70902, Puerto Ángel, Oaxaca.",Puerto Ángel,Oaxaca,70902,"Carretera Puerto Ángel - Zipolite Km. 0.5, C.P. 70902, Puerto Ángel, Oaxaca."
"Organismo de Cuenca Pacífico Sur - Conocido Cerro de la Cruz, C.P. 70902, Puerto Ángel, Oaxaca.",Puerto Ángel,Oaxaca,70902,"Conocido Cerro de la Cruz, C.P. 70902, Puerto Ángel, Oaxaca."
"Organismo de Cuenca Pacífico Sur - Emilio Carranza No. 201, Col. Reforma, C.P. 68050, Oaxaca, Oaxaca.",Oaxaca,Oaxaca,68050,"Emilio Carranza No. 201, Col. Reforma, C.P. 68050, Oaxaca, Oaxaca."
"Organismo de Cuenca Pacífico Sur - Interior del Aeropuerto Federal Benito Juárez S/N, C.P. 68130, San Juan Bautista la Raya, Oaxaca.",San Juan Bautista La Raya,Oaxaca,68130,"Interior del Aeropuerto Federal Benito Juárez S/N, C.P. 68130, San Juan Bautista la Raya, Oaxaca."
"Organismo de Cuenca Pacífico Sur - Luis Enrique Herro No. 101, Esquina Riveras del Rio Atoyac, Col. Vicente Suárez, C.P. 68033, Oaxaca, Oaxaca.",Oaxaca,Oaxaca,68033,"Luis Enrique Herro No. 101, Esquina Riveras del Rio Atoyac, Col. Vicente Suárez, C.P. 68033, Oaxaca, Oaxaca."
"Organismo de Cuenca Pacífico Sur - Privada del Rocío S/N, Col. Lomas del Crestón, C.P. 68048, Oaxaca de Juárez, Oaxaca.",Oaxaca,Oaxaca,68048,"Privada del Rocío S/N, Col. Lomas del Crestón, C.P. 68048, Oaxaca de Juárez, Oaxaca."
"Organismo de Cuenca Pacífico Sur - Salinas del Márquez S/N, C.P. 70704, Salina Cruz, Oaxaca.",Salina Cruz,Oaxaca,70704,"Salinas del Márquez S/N, C.P. 70704, Salina Cruz, Oaxaca."
"Organismo de Cuenca Península de Baja California - Av. Argentina Sn, Col Nuevas, Luis B. Sánchez Sonora C.P. 83500, Luis B Sánchez, Sonora.",Luis B Sánchez,Sonora,83500,"Av. Argentina Sn, Col Nuevas, Luis B. Sánchez Sonora C.P. 83500, Luis B Sánchez, Sonora."
"Organismo de Cuenca Península de Baja California - Av. Obregón y Calle Segunda Zona Centro, C.P. 22800, Ensenada, Baja California.",Ensenada,Baja California,22800,"Av. Obregón y Calle Segunda Zona Centro, C.P. 22800, Ensenada, Baja California."
"Organismo de Cuenca Península de Baja California - Av. Reforma y Calle L S/N, Col. Nueva, C.P. 21100, Mexicali, Baja California.",Mexicali,Baja California,21100,"Av. Reforma y Calle L S/N, Col. Nueva, C.P. 21100, Mexicali, Baja California."
"Organismo de Cuenca Península de Baja California - Av. San José del Cabo No. 613, Playa de San Felipe, C.P. 21850, Mexicali, Baja California.",San Felipe Mexicali,Baja California,21850,"Av. San José del Cabo No. 613, Playa de San Felipe, C.P. 21850, Mexicali, Baja California."
"Organismo de Cuenca Península de Baja California - Boulevard Delta S/N Campamento de la Sarh, C.P. 21705, Ejido Nuevo León, Baja California.",Ejido Nuevo León,Baja California,21705,"Boulevard Delta S/N Campamento de la Sarh, C.P. 21705, Ejido Nuevo León, Baja California."
"Organismo de Cuenca Península de Baja California - Calle 12 Sn, Guadalupe Victoria, . C.P. 21720, Mexicali, Baja California.",Mexicali,Baja California,21720,"Calle 12 Sn, Guadalupe Victoria, . C.P. 21720, Mexicali, Baja California."
"Organismo de Cuenca Península de Baja California - Calle Ignacio Allende S/N, Colonia Popular 2 del Ejido Adolfo Ruiz Cortines, C.P. 22810, Ensenada, Baja California.",Ensenada,Baja California,22810,"Calle Ignacio Allende S/N, Colonia Popular 2 del Ejido Adolfo Ruiz Cortines, C.P. 22810, Ensenada, Baja California."
"Organismo de Cuenca Península de Baja California - Carretera Tijuana-Tecate, Delegación Valle de las Palmas, C.P. 21500, Tecate, Baja California.",Tecate,Baja California,21500,"Carretera Tijuana-Tecate, Delegación Valle de las Palmas, C.P. 21500, Tecate, Baja California."
"Organismo de Cuenca Península de Baja California - Domicilio Conocido Km 13+800 del Canal Alimentador Central, C.P. 21980, Mexicali, Baja California.",Mexicali,Baja California,21980,"Domicilio Conocido Km 13+800 del Canal Alimentador Central, C.P. 21980, Mexicali, Baja California."
"Organismo de Cuenca Península de Baja California - Domicilio Conocido Km 8+000 del Canal Alimentador Central C.P. 21980, Mexicali, Baja California.",Mexicali,Baja California,21980,"Domicilio Conocido Km 8+000 del Canal Alimentador Central C.P. 21980, Mexicali, Baja California."
"Organismo de Cuenca Península de Baja California - Domicilio Conocido Presa Abelardo L. Rodríguez Delegación la Presa, . C.P. 22740, Tijuana, Baja California.",Tijuana,Baja California,22740,"Domicilio Conocido Presa Abelardo L. Rodríguez Delegación la Presa, . C.P. 22740, Tijuana, Baja California."
"Organismo de Cuenca Península de Baja California - Km 55 Carretera a San Luis Rio Colorado, Col Miguel Alemán, C.P. 21930, San Luis Rio Colorado, Baja California.",San Luis Rio Colorado,Baja California,21930,"Km 55 Carretera a San Luis Rio Colorado, Col Miguel Alemán, C.P. 21930, San Luis Rio Colorado, Baja California."
"Organismo de Cuenca Península de Yucatán - Calle 59-B No. 238 y Av. Zamná, Fraccionamiento Yucalpetén, C.P. 97238, Mérida, Yucatán.",Mérida,Yucatán,97238,"Calle 59-B No. 238 y Av. Zamná, Fraccionamiento Yucalpetén, C.P. 97238, Mérida, Yucatán."
"Organismo de Cuenca Península de Yucatán - Calle 60 X 37 No. 191 Col. Bacalar, C.P. 97780, Valladolid, Yucatán.",Valladolid,Yucatán,97780,"Calle 60 X 37 No. 191 Col. Bacalar, C.P. 97780, Valladolid, Yucatán."
"Organismo de Cuenca Península de Yucatán - Calle 7A Diagonal S/N X 38 y 40 Fracc. los Ángeles Ampliación Juan Pablo Ii Cardenales, C.P. 97246, Mérida, Yucatán.",Mérida,Yucatán,97246,"Calle 7A Diagonal S/N X 38 y 40 Fracc. los Ángeles Ampliación Juan Pablo Ii Cardenales, C.P. 97246, Mérida, Yucatán."
"Organismo de Cuenca Península de Yucatán - Carretera Mérida-Chetumal Km. 110, C.P. 97880, Oxkutzcab, Yucatán.",Oxkutzcab,Yucatán,97880,"Carretera Mérida-Chetumal Km. 110, C.P. 97880, Oxkutzcab, Yucatán."
"Organismo de Cuenca Península de Yucatán - Carretera Progreso-Chicxulub, Km. 0.7, C.P. 97320, Progreso, Yucatán.",Progreso,Yucatán,97320,"Carretera Progreso-Chicxulub, Km. 0.7, C.P. 97320, Progreso, Yucatán."
"Organismo de Cuenca Península de Yucatán - Km. 17 Tizimin-Col. Yucatán, C.P. 97700, Tizimin, Yucatán.",Tizimin,Yucatán,97700,"Km. 17 Tizimin-Col. Yucatán, C.P. 97700, Tizimin, Yucatán."
"Organismo de Cuenca Península de Yucatán - Km. 30, Tekax-Santiago Buenavista, C.P. 97970, Becanchen, Yucatán.",Becanchen,Yucatán,97970,"Km. 30, Tekax-Santiago Buenavista, C.P. 97970, Becanchen, Yucatán."
"Organismo de Cuenca Península de Yucatán - Km. 4.5 Av. Aviación, Carretera Mérida-Campeche, C.P. 97269, Mérida, Yucatán.",Mérida,Yucatán,97269,"Km. 4.5 Av. Aviación, Carretera Mérida-Campeche, C.P. 97269, Mérida, Yucatán."
"Organismo de Cuenca Río Bravo - Av. Constitución Ote. 4103, Col. Fierro, C.P. 64590, Monterrey, Nuevo León.",Monterrey,Nuevo León,64590,"Av. Constitución Ote. 4103, Col. Fierro, C.P. 64590, Monterrey, Nuevo León."
"Organismo de Cuenca Río Bravo - Calle América S/N, Col. Centro, C.P. 87500, Ciudad Valle Hermoso, Tamaulipas.",Valle Hermoso,Tamaulipas,87500,"Calle América S/N, Col. Centro, C.P. 87500, Ciudad Valle Hermoso, Tamaulipas."
"Organismo de Cuenca Río Bravo - Calle Capitán Leal 510, Col. Benito Juárez, C.P. 26215, Ciudad Acuña, Coahuila.",Ciudad Acuña,Coahuila,26215,"Calle Capitán Leal 510, Col. Benito Juárez, C.P. 26215, Ciudad Acuña, Coahuila."
"Organismo de Cuenca Río Bravo - Calle Juárez 301 Izq., Col. Centro, C.P. 65030, Ciudad Anáhuac, Nuevo León.",Anáhuac,Nuevo León,65030,"Calle Juárez 301 Izq., Col. Centro, C.P. 65030, Ciudad Anáhuac, Nuevo León."
"Organismo de Cuenca Río Bravo - Calle V. Carranza 106, Col. Centro, C.P. 88400, Ciudad Gustavo Díaz Ordaz, Tamaulipas.",Ciudad Gustavo Díaz Ordaz,Tamaulipas,88400,"Calle V. Carranza 106, Col. Centro, C.P. 88400, Ciudad Gustavo Díaz Ordaz, Tamaulipas."
"Organismo de Cuenca Río Bravo - Carr. a Salinas Victoria Km 1.5, Aeropuerto del Norte, C.P. 66610, Apodaca, Nuevo León.",Apodaca,Nuevo León,66610,"Carr. a Salinas Victoria Km 1.5, Aeropuerto del Norte, C.P. 66610, Apodaca, Nuevo León."
"Organismo de Cuenca Río Bravo - Carr. Anáhuac-Sabinas Km 90, C.P. 25410, Ciudad Juárez, Coahuila.",Ciudad Juárez,Coahuila,25410,"Carr. Anáhuac-Sabinas Km 90, C.P. 25410, Ciudad Juárez, Coahuila."
"Organismo de Cuenca Río Bravo - Carr. los Cavazos-Cadereyta Km 7, C.P. 67317, Santiago, Nuevo León.",Santiago,Nuevo León,67317,"Carr. los Cavazos-Cadereyta Km 7, C.P. 67317, Santiago, Nuevo León."
"Organismo de Cuenca Río Bravo - Carr. Matamoros-Mazatlán Km. 79, Brecha E-102, Ejido El Guerreño, C.P. 88780, Ciudad Reynosa, Tamaulipas.",Reynosa,Tamaulipas,88780,"Carr. Matamoros-Mazatlán Km. 79, Brecha E-102, Ejido El Guerreño, C.P. 88780, Ciudad Reynosa, Tamaulipas."
"Organismo de Cuenca Río Bravo - Carr. Monterrey- Reynosa Km 110, Ejido El Cuchillo, C.P. 67050, China, Nuevo León.",China,Nuevo León,67050,"Carr. Monterrey- Reynosa Km 110, Ejido El Cuchillo, C.P. 67050, China, Nuevo León."
"Organismo de Cuenca Río Bravo - Congregación Comales, C.P. 88470, Ciudad Camargo, Tamaulipas.",Ciudad Camargo,Tamaulipas,88470,"Congregación Comales, C.P. 88470, Ciudad Camargo, Tamaulipas."
"Organismo de Cuenca Río Bravo - Ejido, Cerro Prieto, C.P. 67817, Linares, Nuevo León.",Linares,Nuevo León,67817,"Ejido, Cerro Prieto, C.P. 67817, Linares, Nuevo León."
"Organismo de Cuenca Río Bravo - Paseo Colón S/N, Col. Centro, C.P. 88900, Ciudad Río Bravo, Tamaulipas.",Ciudad Río Bravo,Tamaulipas,88900,"Paseo Colón S/N, Col. Centro, C.P. 88900, Ciudad Río Bravo, Tamaulipas."
"Organismo de Cuenca Río Bravo - Prolong. Juárez S/N, Poblado Control, C.P. 87555, Ciudad Heroica Matamoros, Tamaulipas.",Heroica Matamoros,Tamaulipas,87555,"Prolong. Juárez S/N, Poblado Control, C.P. 87555, Ciudad Heroica Matamoros, Tamaulipas."
